-- MySQL dump 10.13  Distrib 5.7.19, for macos10.12 (x86_64)
--
-- Host: localhost    Database: eapi
-- ------------------------------------------------------
-- Server version	5.7.19

/*!40101 SET @OLD_CHARACTER_SET_CLIENT=@@CHARACTER_SET_CLIENT */;
/*!40101 SET @OLD_CHARACTER_SET_RESULTS=@@CHARACTER_SET_RESULTS */;
/*!40101 SET @OLD_COLLATION_CONNECTION=@@COLLATION_CONNECTION */;
/*!40101 SET NAMES utf8 */;
/*!40103 SET @OLD_TIME_ZONE=@@TIME_ZONE */;
/*!40103 SET TIME_ZONE='+00:00' */;
/*!40014 SET @OLD_UNIQUE_CHECKS=@@UNIQUE_CHECKS, UNIQUE_CHECKS=0 */;
/*!40014 SET @OLD_FOREIGN_KEY_CHECKS=@@FOREIGN_KEY_CHECKS, FOREIGN_KEY_CHECKS=0 */;
/*!40101 SET @OLD_SQL_MODE=@@SQL_MODE, SQL_MODE='NO_AUTO_VALUE_ON_ZERO' */;
/*!40111 SET @OLD_SQL_NOTES=@@SQL_NOTES, SQL_NOTES=0 */;

--
-- Table structure for table `migrations`
--

DROP TABLE IF EXISTS `migrations`;
/*!40101 SET @saved_cs_client     = @@character_set_client */;
/*!40101 SET character_set_client = utf8 */;
CREATE TABLE `migrations` (
  `id` int(10) unsigned NOT NULL AUTO_INCREMENT,
  `migration` varchar(255) COLLATE utf8mb4_unicode_ci NOT NULL,
  `batch` int(11) NOT NULL,
  PRIMARY KEY (`id`)
) ENGINE=InnoDB AUTO_INCREMENT=9 DEFAULT CHARSET=utf8mb4 COLLATE=utf8mb4_unicode_ci;
/*!40101 SET character_set_client = @saved_cs_client */;

--
-- Dumping data for table `migrations`
--

LOCK TABLES `migrations` WRITE;
/*!40000 ALTER TABLE `migrations` DISABLE KEYS */;
INSERT INTO `migrations` VALUES (5,'2014_10_12_000000_create_users_table',1),(6,'2014_10_12_100000_create_password_resets_table',1),(7,'2018_05_04_231811_create_products_table',1),(8,'2018_05_04_231900_create_reviews_table',1);
/*!40000 ALTER TABLE `migrations` ENABLE KEYS */;
UNLOCK TABLES;

--
-- Table structure for table `password_resets`
--

DROP TABLE IF EXISTS `password_resets`;
/*!40101 SET @saved_cs_client     = @@character_set_client */;
/*!40101 SET character_set_client = utf8 */;
CREATE TABLE `password_resets` (
  `email` varchar(255) COLLATE utf8mb4_unicode_ci NOT NULL,
  `token` varchar(255) COLLATE utf8mb4_unicode_ci NOT NULL,
  `created_at` timestamp NULL DEFAULT NULL,
  KEY `password_resets_email_index` (`email`)
) ENGINE=InnoDB DEFAULT CHARSET=utf8mb4 COLLATE=utf8mb4_unicode_ci;
/*!40101 SET character_set_client = @saved_cs_client */;

--
-- Dumping data for table `password_resets`
--

LOCK TABLES `password_resets` WRITE;
/*!40000 ALTER TABLE `password_resets` DISABLE KEYS */;
/*!40000 ALTER TABLE `password_resets` ENABLE KEYS */;
UNLOCK TABLES;

--
-- Table structure for table `products`
--

DROP TABLE IF EXISTS `products`;
/*!40101 SET @saved_cs_client     = @@character_set_client */;
/*!40101 SET character_set_client = utf8 */;
CREATE TABLE `products` (
  `id` int(10) unsigned NOT NULL AUTO_INCREMENT,
  `name` varchar(255) COLLATE utf8mb4_unicode_ci NOT NULL,
  `detail` text COLLATE utf8mb4_unicode_ci NOT NULL,
  `price` int(11) NOT NULL,
  `stock` int(11) NOT NULL,
  `discount` int(11) NOT NULL,
  `created_at` timestamp NULL DEFAULT NULL,
  `updated_at` timestamp NULL DEFAULT NULL,
  PRIMARY KEY (`id`)
) ENGINE=InnoDB AUTO_INCREMENT=51 DEFAULT CHARSET=utf8mb4 COLLATE=utf8mb4_unicode_ci;
/*!40101 SET character_set_client = @saved_cs_client */;

--
-- Dumping data for table `products`
--

LOCK TABLES `products` WRITE;
/*!40000 ALTER TABLE `products` DISABLE KEYS */;
INSERT INTO `products` VALUES (1,'vitae','Quo ipsa id amet eum nisi nulla. Labore iusto placeat pariatur molestiae quia voluptas. Quo ut fugiat consequatur quos ut sunt dolorem.',575,1,20,'2018-05-06 18:05:24','2018-05-06 18:05:24'),(2,'eveniet','Aliquid officiis velit maiores possimus vero. Voluptate sapiente ut qui beatae quos.',784,0,9,'2018-05-06 18:05:24','2018-05-06 18:05:24'),(3,'illo','Sit a ut beatae reprehenderit. Minima debitis quia ipsa nihil est laudantium nisi eum. Ab ut consequatur explicabo sed.',301,0,21,'2018-05-06 18:05:24','2018-05-06 18:05:24'),(4,'est','Sunt hic non modi nobis ea voluptatibus. Et ipsa eveniet quis ipsam. Vero voluptas sit aut esse quia inventore dolores aliquam. Dolores qui accusamus aut ut molestiae sit ducimus quas.',267,3,20,'2018-05-06 18:05:24','2018-05-06 18:05:24'),(5,'sit','Architecto ut similique architecto similique consequuntur. Ut soluta optio ut aliquid corrupti excepturi. Ut quia facere ea dolores autem molestias at est. Similique error porro nobis voluptate sed aut.',832,4,28,'2018-05-06 18:05:24','2018-05-06 18:05:24'),(6,'dicta','Ipsam quod tempora eius ut. Illum molestiae cupiditate alias ratione. Aut autem ea quae qui eaque.',482,2,4,'2018-05-06 18:05:24','2018-05-06 18:05:24'),(7,'culpa','Quaerat optio mollitia et rerum repudiandae impedit. Fugit numquam velit qui sit hic possimus. Dignissimos quod dicta qui. Quam aliquam veniam velit qui.',739,8,10,'2018-05-06 18:05:24','2018-05-06 18:05:24'),(8,'commodi','Omnis cumque et accusantium nostrum amet ipsum provident. Quisquam quos non laudantium dolorem adipisci reprehenderit.',261,9,26,'2018-05-06 18:05:24','2018-05-06 18:05:24'),(9,'quos','Qui accusantium rem voluptatum non. Autem sit eius sunt repellendus omnis in. Dolorem enim libero doloribus et sit iste ipsam.',315,9,27,'2018-05-06 18:05:24','2018-05-06 18:05:24'),(10,'reprehenderit','Est eos earum odio non consequuntur. Aut architecto maxime laborum quo cupiditate et. Occaecati est quos vitae accusamus quas. Asperiores est quisquam ullam consectetur quibusdam debitis sint. Perspiciatis rerum deleniti beatae in similique cum eos saepe.',686,7,3,'2018-05-06 18:05:24','2018-05-06 18:05:24'),(11,'veritatis','Aliquid error veniam reiciendis consequatur esse pariatur at. Non culpa sint et enim. Voluptatem occaecati ut dicta architecto ipsa ipsum id.',299,8,2,'2018-05-06 18:05:24','2018-05-06 18:05:24'),(12,'expedita','Aliquid deleniti magni molestiae officia rerum. Asperiores debitis aliquid qui quo quia natus. Ab voluptatem voluptates illum omnis recusandae est sed.',566,8,17,'2018-05-06 18:05:24','2018-05-06 18:05:24'),(13,'et','Enim harum quam dolor quod in. In qui eveniet placeat repellendus.',397,4,11,'2018-05-06 18:05:24','2018-05-06 18:05:24'),(14,'et','Repellat rerum qui perspiciatis expedita molestiae nobis laboriosam. Molestias esse qui quia ex sequi qui. Saepe dignissimos aspernatur vitae est sapiente voluptatem aut sunt. Quia et et cumque quos.',157,3,7,'2018-05-06 18:05:24','2018-05-06 18:05:24'),(15,'aut','Perspiciatis natus necessitatibus similique sequi dicta et. Nesciunt adipisci consequuntur quidem eius iusto voluptatem. Exercitationem qui consequuntur error eligendi mollitia quidem sunt.',902,8,2,'2018-05-06 18:05:24','2018-05-06 18:05:24'),(16,'molestiae','Et possimus harum veritatis blanditiis est id nihil. Sit vero similique et esse. Minus nisi sed facilis placeat animi facere delectus. Distinctio molestias et quis qui.',735,9,7,'2018-05-06 18:05:24','2018-05-06 18:05:24'),(17,'illo','Accusantium quis deserunt voluptatibus nam ad velit non corrupti. Voluptatem ipsam voluptatum aut recusandae. Quod sit sunt nam officiis rerum voluptatum.',666,7,23,'2018-05-06 18:05:24','2018-05-06 18:05:24'),(18,'officia','Quaerat deleniti tempore et totam dolores. Et nulla maxime excepturi ut aliquam excepturi.',844,1,24,'2018-05-06 18:05:24','2018-05-06 18:05:24'),(19,'aperiam','Expedita tenetur omnis est cupiditate quibusdam sed. Enim sapiente minima consequuntur rerum dolor molestiae et.',895,5,15,'2018-05-06 18:05:24','2018-05-06 18:05:24'),(20,'qui','Harum ut molestias sint minima maiores. Eos odio rerum et minima quia qui saepe. Dicta modi aliquid quidem.',682,3,27,'2018-05-06 18:05:24','2018-05-06 18:05:24'),(21,'iure','Deleniti magni enim minus et quia. Et quae eos aut. Repellat sint cum assumenda iste enim. Totam possimus eum sit accusantium. Perferendis perferendis et sunt vero sapiente nihil.',477,7,20,'2018-05-06 18:05:24','2018-05-06 18:05:24'),(22,'iste','Eius est porro quidem eum qui. Atque similique voluptatibus sit corporis sed. Tenetur debitis autem ad.',156,8,18,'2018-05-06 18:05:24','2018-05-06 18:05:24'),(23,'vel','Distinctio aut ullam qui sit vitae. Voluptatum sed aut voluptatem dolor labore facilis blanditiis. Et pariatur ut explicabo corrupti et ea. Ea enim est quo ut tempore blanditiis.',987,0,18,'2018-05-06 18:05:24','2018-05-06 18:05:24'),(24,'vero','Voluptas magni rem accusamus. Debitis consequatur animi non natus quae iste. Repellendus distinctio pariatur illum cumque nam eum odit accusamus. A facere repellat rerum sequi.',999,8,7,'2018-05-06 18:05:24','2018-05-06 18:05:24'),(25,'dicta','Accusamus sed eius ratione vero recusandae. Non quae repellat in. Magni quia tempora et aut qui aut.',420,6,25,'2018-05-06 18:05:24','2018-05-06 18:05:24'),(26,'saepe','Porro et incidunt eligendi cumque expedita adipisci. Eligendi quo et enim vel. Officiis debitis quis quis eum labore quia magnam facere. Ea aspernatur quia blanditiis magni ullam placeat. Aut dignissimos perferendis nesciunt aliquam neque ea laborum.',534,0,5,'2018-05-06 18:05:24','2018-05-06 18:05:24'),(27,'quia','Est minima dolore et est. Eaque et itaque dolorem. Laboriosam a voluptatem ut doloribus ex ipsum ut.',301,4,17,'2018-05-06 18:05:24','2018-05-06 18:05:24'),(28,'temporibus','Ipsa est ut non cupiditate voluptatem voluptas. Et asperiores voluptatem asperiores. Quae quis reprehenderit omnis excepturi. Nostrum dolores excepturi quia dignissimos occaecati commodi et. Et rem ea ea iste in et autem.',740,7,19,'2018-05-06 18:05:24','2018-05-06 18:05:24'),(29,'pariatur','Sed commodi ut eum hic eligendi similique. A sed fugiat rerum nemo et. Deleniti delectus at maxime hic. Officia eum qui impedit aspernatur et.',372,3,24,'2018-05-06 18:05:24','2018-05-06 18:05:24'),(30,'est','Reprehenderit nemo iure cumque odit consequatur et. Ut omnis quibusdam id dolore sed maiores repudiandae quo. Quisquam doloremque sint dolores totam sit consequatur.',931,6,6,'2018-05-06 18:05:24','2018-05-06 18:05:24'),(31,'non','Laudantium error repudiandae omnis reiciendis laborum mollitia aspernatur ut. Ipsum et dignissimos quidem repellendus corporis qui voluptatem. In perferendis molestias qui exercitationem.',250,2,29,'2018-05-06 18:05:24','2018-05-06 18:05:24'),(32,'illum','Sit ut debitis est reiciendis. Sit rerum reiciendis velit et cum voluptas voluptatem libero. Minus hic necessitatibus error architecto reprehenderit autem. Perferendis exercitationem rerum et vel esse dolor.',232,8,20,'2018-05-06 18:05:24','2018-05-06 18:05:24'),(33,'ex','Fuga exercitationem sit ullam dolorem debitis qui. Rerum est qui corporis ut sapiente. Eveniet rem aut consectetur ut veritatis a quaerat.',786,8,22,'2018-05-06 18:05:24','2018-05-06 18:05:24'),(34,'ut','Rerum aut rerum autem et aut nihil. Quisquam hic provident qui. Ut sint aut soluta reprehenderit.',113,5,11,'2018-05-06 18:05:24','2018-05-06 18:05:24'),(35,'facilis','Quis consectetur quisquam temporibus eum ullam. Ullam itaque vel iusto tempora qui sint omnis. Debitis quasi aut minus aperiam quam error.',336,9,19,'2018-05-06 18:05:24','2018-05-06 18:05:24'),(36,'recusandae','Explicabo alias et dolorum voluptas. Veniam optio voluptas in sit eum. Quia nobis est rem nemo accusantium.',860,7,14,'2018-05-06 18:05:24','2018-05-06 18:05:24'),(37,'est','Aut ducimus quia aliquid saepe temporibus quidem doloremque. Rerum ut deserunt nesciunt nisi et. Velit et et assumenda itaque. Quisquam repellat fugit facilis voluptatem culpa dolores quae fugiat. Qui nulla qui sed doloribus quia perspiciatis.',489,0,4,'2018-05-06 18:05:24','2018-05-06 18:05:24'),(38,'illo','Optio tempore tenetur autem eum quo placeat. Tempora qui libero culpa non recusandae. Est laborum error ea ullam eius cum. Dolor itaque officiis ducimus quae eum praesentium qui commodi.',846,8,8,'2018-05-06 18:05:24','2018-05-06 18:05:24'),(39,'praesentium','Fuga reprehenderit sint magnam. Doloribus in autem sed cum adipisci eaque. Sequi a et officiis. Minus dolorem consequatur id ut optio.',547,9,6,'2018-05-06 18:05:24','2018-05-06 18:05:24'),(40,'culpa','Minima ut tenetur nihil placeat nihil molestiae voluptatem. Architecto quia nihil rerum mollitia voluptates quidem ratione. Quia saepe dicta in unde qui voluptates fugit. Sed nostrum reprehenderit dicta amet aut.',943,6,21,'2018-05-06 18:05:24','2018-05-06 18:05:24'),(41,'itaque','Vero corporis iusto ipsum veniam excepturi rerum ab. Praesentium omnis qui perferendis vero. Nisi magni quia est totam occaecati. Quae aut hic odit quam perferendis.',762,0,10,'2018-05-06 18:05:24','2018-05-06 18:05:24'),(42,'et','Deleniti voluptatem porro molestiae aut non asperiores omnis. Possimus quo id voluptas inventore qui aut. Quia aliquam earum aut nulla.',757,6,9,'2018-05-06 18:05:24','2018-05-06 18:05:24'),(43,'quod','Iusto architecto architecto iusto ut occaecati dicta voluptatem. Eos alias dolor at porro eligendi. Illo nihil quis fugiat soluta harum et ducimus.',247,3,21,'2018-05-06 18:05:24','2018-05-06 18:05:24'),(44,'eum','Veritatis est pariatur aut natus provident quidem. Voluptatem hic ut ab rerum quo. Et fuga iste ab neque beatae aliquam fuga eum. Quo sequi doloremque qui fugit illo deserunt at.',441,1,29,'2018-05-06 18:05:24','2018-05-06 18:05:24'),(45,'pariatur','Quia tempora a deserunt exercitationem. Consectetur dolore eos quos consequuntur et est. Amet ut velit provident quod voluptas illo. Qui quia eligendi quis vitae totam nemo et quisquam.',731,3,26,'2018-05-06 18:05:24','2018-05-06 18:05:24'),(46,'repellendus','Placeat numquam labore quia et. Dolor omnis earum dolorem quidem.',683,1,16,'2018-05-06 18:05:24','2018-05-06 18:05:24'),(47,'nobis','Nisi aut quia voluptas ea suscipit incidunt eius. Omnis aut odio sit cumque quasi minus quas. Molestias laudantium modi distinctio. Et nisi cupiditate ab et provident distinctio.',784,5,19,'2018-05-06 18:05:24','2018-05-06 18:05:24'),(48,'aperiam','Ut debitis velit aut fuga vel. Impedit est esse sit laborum odit quod quia. Accusantium assumenda incidunt corrupti expedita minus consequuntur ut. Consectetur voluptas excepturi blanditiis omnis at.',632,6,25,'2018-05-06 18:05:24','2018-05-06 18:05:24'),(49,'eaque','Libero magnam beatae quos. Accusamus eum vel fugit. Aut amet eligendi voluptatem porro nemo unde rerum sit.',355,3,28,'2018-05-06 18:05:24','2018-05-06 18:05:24'),(50,'vitae','Voluptatibus deleniti harum vel. Dolorum culpa rerum dolorum aliquam. Sunt vero consequatur neque dolores explicabo qui et voluptas. Sit quia praesentium quo maiores ut.',167,8,19,'2018-05-06 18:05:24','2018-05-06 18:05:24');
/*!40000 ALTER TABLE `products` ENABLE KEYS */;
UNLOCK TABLES;

--
-- Table structure for table `reviews`
--

DROP TABLE IF EXISTS `reviews`;
/*!40101 SET @saved_cs_client     = @@character_set_client */;
/*!40101 SET character_set_client = utf8 */;
CREATE TABLE `reviews` (
  `id` int(10) unsigned NOT NULL AUTO_INCREMENT,
  `product_id` int(10) unsigned NOT NULL,
  `customer` varchar(255) COLLATE utf8mb4_unicode_ci NOT NULL,
  `review` text COLLATE utf8mb4_unicode_ci NOT NULL,
  `star` int(11) NOT NULL,
  `created_at` timestamp NULL DEFAULT NULL,
  `updated_at` timestamp NULL DEFAULT NULL,
  PRIMARY KEY (`id`),
  KEY `reviews_product_id_index` (`product_id`),
  CONSTRAINT `reviews_product_id_foreign` FOREIGN KEY (`product_id`) REFERENCES `products` (`id`) ON DELETE CASCADE
) ENGINE=InnoDB AUTO_INCREMENT=301 DEFAULT CHARSET=utf8mb4 COLLATE=utf8mb4_unicode_ci;
/*!40101 SET character_set_client = @saved_cs_client */;

--
-- Dumping data for table `reviews`
--

LOCK TABLES `reviews` WRITE;
/*!40000 ALTER TABLE `reviews` DISABLE KEYS */;
INSERT INTO `reviews` VALUES (1,36,'Mrs. Katrina Dicki IV','Qui voluptatem nemo architecto assumenda. Placeat error suscipit adipisci voluptatum. Ea qui aut atque aperiam. Sed blanditiis placeat odit impedit.',3,'2018-05-06 18:05:25','2018-05-06 18:05:25'),(2,24,'Liana Lang DVM','Et ea at omnis placeat odio ea repellendus necessitatibus. Commodi nostrum enim rem. Atque est dolores vel veritatis et. Ullam nisi et libero id.',3,'2018-05-06 18:05:25','2018-05-06 18:05:25'),(3,45,'Gabriel Senger MD','Et reiciendis qui officiis quia et omnis. Corrupti voluptatibus natus pariatur voluptas repellat quis. Quia ut recusandae temporibus quo.',0,'2018-05-06 18:05:25','2018-05-06 18:05:25'),(4,50,'Mrs. Zelda Stamm','Pariatur voluptatem praesentium officiis alias. Qui dolorem et inventore ratione adipisci. Sed et quaerat iure omnis.',1,'2018-05-06 18:05:25','2018-05-06 18:05:25'),(5,10,'Ignacio Runolfsdottir','Eum et qui qui sapiente natus amet. Ducimus nihil qui optio maxime est accusantium. Et occaecati porro nihil temporibus rerum odio. Tempore voluptatem perspiciatis eos qui.',4,'2018-05-06 18:05:25','2018-05-06 18:05:25'),(6,44,'Ned Kihn','Sed error reprehenderit saepe maiores aliquam. Ducimus ea odio qui eos dicta omnis provident. Aut suscipit architecto est. Quia inventore cum blanditiis.',2,'2018-05-06 18:05:25','2018-05-06 18:05:25'),(7,22,'Myrtie Schoen','Exercitationem et placeat rerum. Voluptatum est aut non ducimus eveniet error reiciendis vel. Asperiores est dignissimos saepe vel neque deleniti corporis. Laudantium optio quis repellendus nemo quae quia.',0,'2018-05-06 18:05:25','2018-05-06 18:05:25'),(8,45,'Prof. Edyth Collier Sr.','Tenetur officia blanditiis blanditiis veritatis vel. Eos ut ut totam corrupti accusamus doloremque officiis non. Voluptas dolor molestiae ipsam error.',0,'2018-05-06 18:05:25','2018-05-06 18:05:25'),(9,23,'Alvera Mohr','Perferendis iste libero ut. Reiciendis aperiam exercitationem eum eos. Consequatur nihil enim eveniet ex velit odit qui. Cum labore nulla veniam velit quae et.',3,'2018-05-06 18:05:25','2018-05-06 18:05:25'),(10,20,'Fabiola Paucek','Aut voluptate rerum possimus numquam nobis. Omnis itaque eius commodi. Aliquam quis voluptas minus alias rerum. Asperiores dignissimos iste tempore in eum.',5,'2018-05-06 18:05:25','2018-05-06 18:05:25'),(11,20,'Lyda Vandervort PhD','Nulla ab natus tempore ipsa modi. Eum provident eligendi velit. Rerum in sit soluta consequatur ducimus sint odit. Dolor neque mollitia dolores minus qui. Qui aut ut laboriosam quae quod.',0,'2018-05-06 18:05:25','2018-05-06 18:05:25'),(12,28,'Prof. Garth Simonis','Perspiciatis cumque possimus unde repellendus. Labore voluptatem odit voluptas unde magni dolore. Aliquam quo voluptatem et sint. Nulla temporibus consectetur excepturi libero voluptatibus laudantium aut. Voluptatum enim et ut enim voluptas aut amet.',3,'2018-05-06 18:05:25','2018-05-06 18:05:25'),(13,45,'Alexane Raynor DVM','Atque aperiam perspiciatis aspernatur eos. In sed facere vitae animi. Dolorum distinctio soluta placeat explicabo corporis mollitia.',1,'2018-05-06 18:05:25','2018-05-06 18:05:25'),(14,14,'Savannah Trantow','Voluptatibus sit qui harum autem quasi cumque. Quidem dolor maiores maxime explicabo minus nam. Sequi assumenda omnis ut dicta. Aut et delectus eum provident id laudantium nam fugit.',2,'2018-05-06 18:05:25','2018-05-06 18:05:25'),(15,37,'Miss Beatrice Kemmer','Quia consequatur beatae eius eum voluptatum. Dignissimos et ex minima mollitia fuga non. Eius quisquam dignissimos nostrum.',0,'2018-05-06 18:05:25','2018-05-06 18:05:25'),(16,41,'Ashley Wolff','Distinctio dolor magnam recusandae architecto nobis et placeat amet. Reiciendis magni neque assumenda fuga. Ut perferendis sed et ipsa eos quaerat sunt.',2,'2018-05-06 18:05:25','2018-05-06 18:05:25'),(17,44,'Brandi Jacobi','Consequuntur est deleniti sunt quod adipisci. Est reiciendis qui tempora ut. Explicabo aut aut molestias id. Veniam minus dolorum voluptas numquam odio porro nobis.',3,'2018-05-06 18:05:25','2018-05-06 18:05:25'),(18,4,'Mrs. Kiara Ortiz','Quod vel provident laborum sed vel aliquam ea. Ipsam sapiente voluptatem omnis suscipit deserunt. Sint ut illum non voluptas provident eos itaque.',2,'2018-05-06 18:05:25','2018-05-06 18:05:25'),(19,35,'Benedict White','Quam facere voluptas sed iure consequatur sint. Quia ut rerum voluptatibus. Et vero quis eaque qui voluptas exercitationem laudantium.',0,'2018-05-06 18:05:25','2018-05-06 18:05:25'),(20,34,'Dr. Dudley Dicki','A nemo maiores nulla maxime veniam quos. Autem et odio maxime maiores ex. In quia placeat numquam dolores inventore architecto. Ipsa accusantium fugiat vel beatae quidem.',4,'2018-05-06 18:05:25','2018-05-06 18:05:25'),(21,47,'Lilly Waelchi','Facilis earum suscipit sed et. Suscipit a et nostrum odit voluptas ut qui. Libero eos expedita a non possimus molestiae ut eum. Molestiae eaque commodi est maiores doloremque omnis dolor.',0,'2018-05-06 18:05:25','2018-05-06 18:05:25'),(22,32,'Verla Lindgren','Ducimus assumenda beatae harum necessitatibus sed quibusdam aut. Nam tempora molestiae libero. Eligendi consequatur quia voluptas at ut labore. Ex rerum aut id quis blanditiis recusandae maxime possimus.',1,'2018-05-06 18:05:25','2018-05-06 18:05:25'),(23,25,'Brady Jacobi','Neque deleniti recusandae aliquid aut. Neque illum soluta adipisci aut. Nihil amet dolorem quam corporis quia culpa.',4,'2018-05-06 18:05:25','2018-05-06 18:05:25'),(24,27,'Deondre Kuhn','Et dolorem tempora est ut. Cum tenetur asperiores consequatur sed voluptas. Eum eos quisquam unde. Aut nobis sed aut minus beatae.',5,'2018-05-06 18:05:25','2018-05-06 18:05:25'),(25,8,'Emmet Kassulke','Iste suscipit non facilis ea. Non aut doloribus eaque id praesentium esse autem voluptate. Sapiente voluptas eveniet consequatur quia. Atque et sed quia.',4,'2018-05-06 18:05:25','2018-05-06 18:05:25'),(26,49,'Kennedy Paucek','Sed ea ab aut quasi fugit animi. Facilis voluptas culpa aut dolor explicabo excepturi reiciendis. Non quia velit voluptatem maxime ea dolores eos. Aut cum sit nulla aspernatur facilis sit voluptatem.',0,'2018-05-06 18:05:25','2018-05-06 18:05:25'),(27,23,'Prof. Deja Reilly IV','Eligendi commodi ab aspernatur. Qui delectus reiciendis consectetur.',2,'2018-05-06 18:05:25','2018-05-06 18:05:25'),(28,26,'Justus Nitzsche','Neque quaerat voluptatem eos sunt aliquid numquam facilis aspernatur. Minima reiciendis non quasi rerum laboriosam. Et adipisci accusamus ipsa nulla quo et. Nemo error cupiditate recusandae amet eum.',4,'2018-05-06 18:05:25','2018-05-06 18:05:25'),(29,10,'Jeremie Cassin','Sapiente sapiente itaque ad numquam. Suscipit qui dolores rerum veniam. Rerum soluta qui odio tempora sunt qui. Sit deleniti omnis eum officiis at sit in.',4,'2018-05-06 18:05:25','2018-05-06 18:05:25'),(30,50,'Tyra Wolff','Dolores dignissimos animi fugiat. Dolores consequatur repellat quibusdam animi sequi. Id neque commodi autem hic. Suscipit enim iure quae.',0,'2018-05-06 18:05:25','2018-05-06 18:05:25'),(31,25,'Abner Paucek','Esse harum accusamus fugiat qui similique reiciendis quas quam. Voluptate iusto nesciunt qui ut. Expedita aspernatur facilis quam beatae quia molestiae est.',3,'2018-05-06 18:05:25','2018-05-06 18:05:25'),(32,37,'Marcel Carroll','Tempora illo asperiores nemo vitae animi rerum autem. Dignissimos corporis aut voluptas aliquam.',0,'2018-05-06 18:05:25','2018-05-06 18:05:25'),(33,48,'Audreanne Powlowski','Hic accusamus sint ab et id ad. Quia vitae est quis consequatur suscipit itaque veritatis. Soluta nesciunt et occaecati et soluta aspernatur.',3,'2018-05-06 18:05:25','2018-05-06 18:05:25'),(34,11,'Mr. Kip Rogahn','Soluta nulla sint aut aliquid. Sit quam neque omnis et doloribus sapiente. Facere voluptatem rerum ipsum quia nostrum omnis a expedita.',3,'2018-05-06 18:05:25','2018-05-06 18:05:25'),(35,19,'Kamryn Gleichner DVM','Vero natus qui tempore laboriosam. Delectus deleniti autem natus animi.',0,'2018-05-06 18:05:25','2018-05-06 18:05:25'),(36,6,'Bill Bosco MD','Aut amet a aut amet ut explicabo eaque. Beatae molestiae omnis dolore quo velit facilis quia. Sed soluta cupiditate et ex quia. Sit illum officia atque ut quas. Qui alias sed praesentium a numquam vel.',5,'2018-05-06 18:05:25','2018-05-06 18:05:25'),(37,24,'Junior Flatley','Atque nam assumenda est qui corporis nulla esse mollitia. Dolores minima amet molestiae dolor delectus. Eos molestiae assumenda velit sequi minus.',4,'2018-05-06 18:05:25','2018-05-06 18:05:25'),(38,43,'Murray Green Jr.','Quis qui ea optio quis sunt eveniet totam. In explicabo illo accusamus et et non laboriosam. Quod quasi blanditiis sed explicabo vel labore.',4,'2018-05-06 18:05:25','2018-05-06 18:05:25'),(39,27,'Larue Hudson Jr.','Quis enim quia dolorem ea explicabo amet. Rerum iure et minima sunt. Suscipit et illum molestiae quam similique et et.',0,'2018-05-06 18:05:25','2018-05-06 18:05:25'),(40,13,'Kelton Schiller','Numquam eius praesentium et provident ipsum quidem minus. Magni eum dolor rerum debitis autem. Iste illum asperiores vitae omnis sunt facere. Dolores officiis laboriosam magnam. Omnis libero quaerat consequatur eum.',0,'2018-05-06 18:05:25','2018-05-06 18:05:25'),(41,24,'Louvenia Hyatt','Id id magnam omnis ut repudiandae libero assumenda exercitationem. Omnis sed cumque et sit sit repellat. Sed molestias consequatur unde recusandae est consequuntur debitis facere. Deserunt ut repellendus temporibus dolores impedit ut illo. Consequuntur sit dolorem sit.',3,'2018-05-06 18:05:25','2018-05-06 18:05:25'),(42,34,'Dr. Joannie Larkin PhD','Eum quia mollitia atque perferendis eos nulla. Debitis aliquam nobis omnis. Cupiditate exercitationem a placeat ut sit. Sit nihil et repellat eos aut.',0,'2018-05-06 18:05:25','2018-05-06 18:05:25'),(43,17,'Audie Fay Sr.','Eius ducimus sint aut ut dolor. Optio dolor tempora perferendis architecto. Non quia eveniet earum explicabo deserunt quasi. Veritatis sunt rerum iusto explicabo incidunt assumenda omnis qui.',4,'2018-05-06 18:05:25','2018-05-06 18:05:25'),(44,26,'Lucas Wisoky','Est et vel quasi accusantium. Impedit quam vel voluptas explicabo numquam nesciunt dolores. Odit ex consequuntur odio et.',4,'2018-05-06 18:05:25','2018-05-06 18:05:25'),(45,42,'Billie Waters','Amet aut mollitia odit esse. Quos et ut totam quas ipsum impedit doloribus.',0,'2018-05-06 18:05:25','2018-05-06 18:05:25'),(46,7,'Arely Jacobs','Quidem quo repudiandae rerum officiis quasi reiciendis consequatur. Et earum dolores neque sit amet. Beatae beatae ut dicta optio.',3,'2018-05-06 18:05:25','2018-05-06 18:05:25'),(47,27,'Dr. Curtis Cole','Molestiae fugiat sapiente saepe quia non omnis. Sed placeat impedit nesciunt eum.',1,'2018-05-06 18:05:25','2018-05-06 18:05:25'),(48,6,'Vernon Hayes V','Autem id ut voluptatibus modi praesentium nobis. Architecto qui quia quibusdam soluta.',3,'2018-05-06 18:05:25','2018-05-06 18:05:25'),(49,13,'Ethel Hilll','In maiores aut nisi eius aut eum temporibus. Cumque tempora laborum libero laudantium. Ullam vitae dolorem omnis saepe ipsa. Impedit veniam accusantium quo sit corporis at animi repellat.',0,'2018-05-06 18:05:25','2018-05-06 18:05:25'),(50,13,'Mr. Antwon Gleichner MD','Placeat consequuntur ut neque voluptates. Dolorem et nam quibusdam labore incidunt itaque aperiam. Voluptatem ullam ut quia atque similique quidem eos.',1,'2018-05-06 18:05:25','2018-05-06 18:05:25'),(51,48,'Prof. Tyshawn Schmitt IV','Et consectetur omnis minima doloremque eaque error ab. Exercitationem fuga ea eum qui libero odio. Hic qui omnis provident. Saepe fuga odio ut excepturi et dolor exercitationem.',1,'2018-05-06 18:05:25','2018-05-06 18:05:25'),(52,6,'Prof. Vincent Parisian','Voluptas esse beatae aspernatur sit tempora magni sit. Aut doloremque ea et et sit iste est et. Ducimus et adipisci eum et qui qui.',2,'2018-05-06 18:05:25','2018-05-06 18:05:25'),(53,48,'Nicole Rohan PhD','In hic excepturi sit quos ut dolorem. Maxime vel voluptas qui. Voluptatum et laborum expedita in aspernatur. Voluptatem laborum provident qui nemo aperiam.',1,'2018-05-06 18:05:25','2018-05-06 18:05:25'),(54,26,'Karl Collins Sr.','Dolorum explicabo expedita expedita molestiae. Assumenda nisi non sint illum. Laborum atque nam sint odit dolor qui vel. Itaque consequatur modi nihil dolor.',5,'2018-05-06 18:05:25','2018-05-06 18:05:25'),(55,19,'Joany Volkman','Sed perspiciatis eum voluptatem. Vel illum et nesciunt corrupti laboriosam.',0,'2018-05-06 18:05:25','2018-05-06 18:05:25'),(56,2,'Mrs. Ashtyn Rempel IV','Vel facilis nam amet asperiores velit. Et molestias quis rerum ut eos. Qui et aperiam tenetur cupiditate aliquam quas enim.',5,'2018-05-06 18:05:25','2018-05-06 18:05:25'),(57,41,'Helene Howell','Optio suscipit adipisci aliquid itaque maxime. Eos distinctio incidunt at. Laudantium non non hic dolor expedita quia in.',3,'2018-05-06 18:05:25','2018-05-06 18:05:25'),(58,6,'Kaylah Streich V','Et qui enim dolore reprehenderit. Repudiandae aliquid voluptatem est consequatur. Neque voluptatem sit beatae earum est adipisci cumque.',1,'2018-05-06 18:05:25','2018-05-06 18:05:25'),(59,36,'Conrad Daniel','Numquam eligendi corrupti dignissimos sit ut eos. Ex dicta sequi fugiat et pariatur nostrum libero quia. Nulla sit fugit sint quas.',3,'2018-05-06 18:05:25','2018-05-06 18:05:25'),(60,5,'Prof. Linwood Ferry','Dolore velit voluptatem aut mollitia aut. Asperiores totam necessitatibus occaecati sit. Nobis mollitia pariatur vero eius.',3,'2018-05-06 18:05:25','2018-05-06 18:05:25'),(61,29,'Kristopher Leannon','Omnis omnis velit aut maxime eius quidem quia eveniet. Illum deleniti at nihil quam.',2,'2018-05-06 18:05:25','2018-05-06 18:05:25'),(62,6,'Maymie Lemke','Voluptas earum quia corrupti fugit. Facere soluta sunt occaecati nihil explicabo et qui. Sequi architecto voluptate fugiat.',4,'2018-05-06 18:05:25','2018-05-06 18:05:25'),(63,35,'Mrs. Anissa Watsica','Et dolor alias id facere aut sint iusto nesciunt. Similique unde reiciendis et modi et dicta quidem rerum. Et qui repellendus veniam quos nesciunt. Ducimus voluptatem eos omnis distinctio.',1,'2018-05-06 18:05:25','2018-05-06 18:05:25'),(64,46,'Cierra Brown','Voluptatibus veniam animi sunt veritatis in temporibus. Eos consectetur asperiores veniam eveniet occaecati veritatis impedit. Ullam et aspernatur ad officiis praesentium.',2,'2018-05-06 18:05:25','2018-05-06 18:05:25'),(65,34,'Louvenia Bergnaum','Atque a et porro libero rerum ut incidunt et. Corrupti nam occaecati voluptate quae amet. Alias commodi doloremque illum dolore magnam. Et et veniam ipsam veritatis nobis consequatur. Architecto natus qui necessitatibus qui eum similique reprehenderit maiores.',1,'2018-05-06 18:05:25','2018-05-06 18:05:25'),(66,36,'Justina Shields','Quas id aut nesciunt optio qui iusto et. Odit veritatis nesciunt doloribus ea.',4,'2018-05-06 18:05:25','2018-05-06 18:05:25'),(67,46,'Catharine Stoltenberg','Eum possimus sit perspiciatis fugiat amet eos quam. Veritatis placeat et occaecati distinctio magnam ut. Cumque aut dolorum sunt voluptatem provident minima culpa.',1,'2018-05-06 18:05:25','2018-05-06 18:05:25'),(68,19,'Dovie Moen','Expedita ut sint et non voluptatem doloremque. Ad inventore iure molestiae laborum dolores dolore aut. Et sit qui et iure. Incidunt ut est deserunt debitis sunt odio et. Occaecati laborum nisi alias vel soluta at veniam ad.',5,'2018-05-06 18:05:25','2018-05-06 18:05:25'),(69,7,'Samantha Herzog','Consequatur quas ducimus perferendis. Enim voluptatem nihil non quia nulla quis ducimus. Accusamus sint enim numquam fugit modi. Ratione sed aut est quam non est.',3,'2018-05-06 18:05:25','2018-05-06 18:05:25'),(70,5,'Prof. Clay Lemke III','Non facere cumque illo recusandae. Qui aliquid recusandae quam et quia nobis quod. Et libero id est voluptas dicta officia corporis sequi. Suscipit ut cumque soluta ratione inventore illo aperiam et.',1,'2018-05-06 18:05:25','2018-05-06 18:05:25'),(71,14,'Prof. Karine Hilll IV','Quo voluptatem rem ratione ut rerum libero optio. Et corrupti odit in id quidem dolor dolor. Aut vel nemo animi quidem ullam totam.',1,'2018-05-06 18:05:25','2018-05-06 18:05:25'),(72,31,'Quinten Morar V','Saepe eligendi eos soluta quasi nobis. Et ut ipsam voluptatem necessitatibus quia aut. Ut quos eaque non. Nesciunt ipsum ducimus non et.',0,'2018-05-06 18:05:25','2018-05-06 18:05:25'),(73,26,'Hettie Wisozk','Laboriosam et quia deserunt esse. Nulla ab similique reiciendis sapiente sit natus. A consectetur qui eligendi est consectetur eum. Et magni reiciendis officia deleniti quia.',1,'2018-05-06 18:05:25','2018-05-06 18:05:25'),(74,4,'Jordyn Pfeffer Sr.','A dolorem incidunt nihil earum quaerat dolor officiis sit. Consequatur natus et esse.',5,'2018-05-06 18:05:25','2018-05-06 18:05:25'),(75,17,'Tre Franecki Sr.','Sint praesentium numquam labore nisi voluptatem nulla sunt. Magni quae repellendus esse omnis et accusamus omnis. Quia quasi aliquam dolores exercitationem.',4,'2018-05-06 18:05:25','2018-05-06 18:05:25'),(76,39,'Makenzie Jones I','Reiciendis quasi exercitationem dolorem tenetur suscipit rerum et. Molestiae ea aspernatur sapiente voluptas. Architecto et molestiae eius neque aut et exercitationem iure.',0,'2018-05-06 18:05:25','2018-05-06 18:05:25'),(77,5,'Yoshiko Bailey','Qui repellat architecto sunt nobis sapiente quaerat et. Excepturi sed cupiditate excepturi iste et praesentium. Aliquid repellendus distinctio hic fugiat repudiandae eaque est. Alias tempora aut rerum recusandae est commodi ipsam.',4,'2018-05-06 18:05:25','2018-05-06 18:05:25'),(78,8,'Kristoffer Kling','Dolores et placeat cum quo eius. Tempore aperiam consequuntur repellat voluptas numquam. Quo exercitationem libero optio culpa vel ipsam quo. Cumque qui quod labore.',2,'2018-05-06 18:05:25','2018-05-06 18:05:25'),(79,50,'Dr. June Lemke PhD','Similique eum et voluptas assumenda ullam iste. Quidem perspiciatis eaque quis dolorem. Porro molestiae sit aut voluptate distinctio. Aut aut modi hic quis voluptas.',3,'2018-05-06 18:05:25','2018-05-06 18:05:25'),(80,23,'Amy Hintz','Vel sit iure quo suscipit quibusdam qui. Aut et est maiores aut enim iusto vel. Praesentium sed esse voluptatem vero. Facilis voluptatum illum dolorem molestiae.',5,'2018-05-06 18:05:25','2018-05-06 18:05:25'),(81,29,'Manuel Denesik','Ullam qui dolorem porro ea molestias voluptatem et. Maiores voluptas velit optio facilis accusantium tempore. Repudiandae non hic neque sit voluptas est enim. Molestiae quo qui laudantium voluptatem neque dolores consectetur.',2,'2018-05-06 18:05:25','2018-05-06 18:05:25'),(82,6,'Rebeca Hilpert','Quis deserunt est voluptatum quis eveniet eos aliquid qui. Assumenda aliquam magni animi nostrum. Soluta ut et in cumque delectus omnis nostrum.',2,'2018-05-06 18:05:25','2018-05-06 18:05:25'),(83,29,'Danyka Wiza','Natus qui fugit cumque harum consequuntur et. Perferendis repudiandae non in repellendus. Qui iure et eius dolorem aut.',0,'2018-05-06 18:05:25','2018-05-06 18:05:25'),(84,42,'Alfonzo Quigley','Perspiciatis distinctio rem corrupti possimus. Placeat amet et voluptas sed ut sunt quia. Ut laudantium at sapiente soluta dolorem.',5,'2018-05-06 18:05:25','2018-05-06 18:05:25'),(85,47,'Rebeca Steuber I','Dicta placeat porro modi animi sit. Ut eos quaerat aut id debitis. Id debitis fuga sed natus quia voluptates officiis fugiat.',2,'2018-05-06 18:05:25','2018-05-06 18:05:25'),(86,2,'Delpha Anderson PhD','Ut sed itaque nesciunt eligendi perspiciatis impedit beatae. Sunt ipsum aliquid optio laudantium voluptas. Soluta sed quasi totam in nisi aperiam vitae. Eligendi sit aut ratione id maiores nulla.',4,'2018-05-06 18:05:25','2018-05-06 18:05:25'),(87,26,'Jodie Abshire Jr.','Magnam qui eos et dolor voluptatem. Fuga totam dolores praesentium. Modi perspiciatis architecto aliquam dolorem qui repudiandae perspiciatis. Nihil illum odit tempore natus provident repellendus rerum. Eius ut laboriosam accusantium dolorem quae.',2,'2018-05-06 18:05:25','2018-05-06 18:05:25'),(88,45,'Freeda Buckridge','Dolorem sit non voluptas. Aspernatur temporibus iusto sit sit veritatis deserunt. Iure pariatur possimus qui ipsam et.',1,'2018-05-06 18:05:25','2018-05-06 18:05:25'),(89,8,'Garret Considine III','Expedita quia hic animi debitis. Omnis ut distinctio ullam neque quos. Aut facilis doloremque qui magnam necessitatibus incidunt quo.',0,'2018-05-06 18:05:25','2018-05-06 18:05:25'),(90,48,'Lillie Carter','Illum vel placeat consequatur laboriosam veniam. Fuga velit dolore dolore. Sint consequatur sed animi adipisci aut. Voluptas ut enim sunt ut.',5,'2018-05-06 18:05:25','2018-05-06 18:05:25'),(91,40,'Ms. Crystal Heaney','Soluta magnam libero voluptatibus molestiae possimus minima qui. Illo voluptas dicta veniam explicabo rerum cumque consequatur voluptatem. Consequatur maiores dicta quia omnis suscipit fuga nobis molestiae.',5,'2018-05-06 18:05:25','2018-05-06 18:05:25'),(92,44,'Ms. Ernestine West IV','Illum aut dolores eaque voluptate in. Sit perspiciatis in nulla. Omnis explicabo et ut adipisci. Cupiditate est ratione ut inventore.',5,'2018-05-06 18:05:25','2018-05-06 18:05:25'),(93,25,'Dr. Kathleen O\'Kon','Sunt aut voluptatibus optio mollitia. Quia aut veniam tempora tempora minima sit et. Tempore sapiente repudiandae esse neque itaque. Maiores autem sunt tempora minima aut error et rerum.',4,'2018-05-06 18:05:25','2018-05-06 18:05:25'),(94,18,'Quinton Greenfelder','Voluptatum culpa voluptas praesentium fugiat a. Exercitationem dolorum perferendis voluptatem ipsa facilis illo minima. Ipsa veritatis necessitatibus omnis dolorem quis neque quia. Aliquid sit accusamus eos temporibus architecto dolore architecto alias.',1,'2018-05-06 18:05:25','2018-05-06 18:05:25'),(95,25,'Lucius Bartell II','Ut placeat modi saepe exercitationem natus. Magni itaque enim expedita corporis tenetur. Occaecati optio molestiae laborum dolores eos. Incidunt repellendus et quisquam id libero eum enim exercitationem.',3,'2018-05-06 18:05:25','2018-05-06 18:05:25'),(96,37,'Liliane Pouros','Ab sapiente dolorem nesciunt repellendus. Odio dicta iste quia voluptas sint velit. Minus adipisci deleniti beatae. Vitae est non fugit aut. Voluptatem ea similique omnis.',2,'2018-05-06 18:05:25','2018-05-06 18:05:25'),(97,10,'Darien Cormier','Nemo quia aut aut ut architecto vitae. Reprehenderit dolores nihil at autem autem quos labore tempora. Eaque cupiditate accusantium id id optio sed aliquid quae. Mollitia similique quis perspiciatis omnis.',1,'2018-05-06 18:05:25','2018-05-06 18:05:25'),(98,10,'Nina Gislason','Nesciunt quod eaque quis beatae velit totam quisquam ut. Corrupti et laboriosam sed doloribus necessitatibus. Est rem aut consequuntur rerum. Esse et ea officia ratione.',5,'2018-05-06 18:05:25','2018-05-06 18:05:25'),(99,19,'Rhett Smith','Sit soluta est et est harum maxime officiis. Fuga mollitia distinctio amet et. Quo laboriosam enim et ut totam sed.',5,'2018-05-06 18:05:25','2018-05-06 18:05:25'),(100,36,'Santina Mitchell','Adipisci itaque suscipit eveniet labore assumenda possimus. Necessitatibus quis nisi repellendus necessitatibus. Porro doloribus mollitia placeat eos.',3,'2018-05-06 18:05:25','2018-05-06 18:05:25'),(101,46,'Eddie Howe','In iure praesentium omnis modi ipsum excepturi. Quas magni nostrum sit magnam. Laboriosam qui id error enim aut laboriosam.',5,'2018-05-06 18:05:25','2018-05-06 18:05:25'),(102,21,'Dr. Vince Kuphal I','Provident iste debitis enim dolorem et. Velit aut nostrum tempore incidunt. Autem quo aut ut dicta eaque.',3,'2018-05-06 18:05:25','2018-05-06 18:05:25'),(103,17,'Trey Gleason Sr.','Et consequatur esse atque amet ut est quo. Aut aut voluptates deleniti.',0,'2018-05-06 18:05:25','2018-05-06 18:05:25'),(104,25,'Miss Chelsie Prohaska','Similique harum ullam hic quis minus est consequatur. Dolorem et earum similique. In reprehenderit consequatur itaque recusandae ipsa sapiente.',0,'2018-05-06 18:05:25','2018-05-06 18:05:25'),(105,31,'Colten Jacobi','Quis excepturi id delectus quibusdam tempora alias doloribus rerum. At eos porro quasi non magnam. Aperiam itaque quos pariatur earum exercitationem.',2,'2018-05-06 18:05:25','2018-05-06 18:05:25'),(106,12,'Mr. Sylvan Franecki','Doloribus eos et est sunt veniam voluptatem. Nihil et omnis non nobis consequatur qui porro.',2,'2018-05-06 18:05:25','2018-05-06 18:05:25'),(107,36,'Gretchen Jones MD','Non et expedita deserunt. Odit voluptate natus explicabo quia reiciendis. Soluta modi et praesentium et provident placeat explicabo. Aut in in et voluptatem.',1,'2018-05-06 18:05:25','2018-05-06 18:05:25'),(108,41,'Adrain Dach','Cupiditate aliquid laudantium blanditiis sint vero quibusdam. Consequatur aut velit laudantium velit. Et animi sint culpa quisquam.',5,'2018-05-06 18:05:25','2018-05-06 18:05:25'),(109,21,'Miss Magdalen Hodkiewicz','Consequatur enim maxime voluptate non dolorem. Quia commodi est sit qui commodi qui porro. Eos magnam excepturi occaecati aut odit.',5,'2018-05-06 18:05:25','2018-05-06 18:05:25'),(110,45,'Alysha Huel','Qui aliquid labore quaerat in non similique possimus. Quam sed sed omnis consequatur ipsam. Eius voluptatem quam modi neque enim numquam.',2,'2018-05-06 18:05:25','2018-05-06 18:05:25'),(111,13,'Tamia Gleason V','Est voluptatem temporibus culpa ut. Id doloremque voluptatum quae sint et deleniti explicabo. Quos hic aut veniam.',5,'2018-05-06 18:05:25','2018-05-06 18:05:25'),(112,31,'Kyle Kshlerin PhD','Voluptatum aspernatur provident sit aliquam. Reiciendis ad delectus et assumenda voluptatem rem quae. Eum aspernatur labore quia fuga et. Doloribus tenetur fugiat consequatur et commodi ut aspernatur.',1,'2018-05-06 18:05:25','2018-05-06 18:05:25'),(113,49,'Alaina Morissette','Non explicabo sunt ex ut nihil. Asperiores fugiat autem quam. Vel cum atque animi itaque dignissimos ipsum.',4,'2018-05-06 18:05:25','2018-05-06 18:05:25'),(114,41,'Korbin Bradtke','Amet iusto nisi odit consequatur unde fugit. Ducimus ratione alias debitis nihil id eum deleniti. Non ducimus natus nulla aut ut.',3,'2018-05-06 18:05:25','2018-05-06 18:05:25'),(115,30,'Pierce Streich','Praesentium vitae facilis in dignissimos quod. Totam doloremque est et rem doloribus consequatur. Odit occaecati odit qui delectus cum porro dolores. Ut molestiae velit rerum iusto.',1,'2018-05-06 18:05:25','2018-05-06 18:05:25'),(116,38,'Al Streich','Est quam accusamus impedit soluta sapiente. Sit rerum porro rem nobis rem dignissimos. Aperiam esse tenetur dolorem incidunt dolorem distinctio. Ducimus et natus non velit facilis aliquam.',5,'2018-05-06 18:05:25','2018-05-06 18:05:25'),(117,4,'Ms. Maida Satterfield PhD','Qui sequi laboriosam quibusdam accusantium animi voluptatum. Et facilis hic quasi totam veritatis dolorem dolorum. Omnis qui autem officia earum eum architecto sit.',3,'2018-05-06 18:05:25','2018-05-06 18:05:25'),(118,12,'Maryam Schuster MD','Omnis dolorum assumenda hic qui. Sint voluptatem et velit iste aut soluta. Modi quam ipsa est.',5,'2018-05-06 18:05:25','2018-05-06 18:05:25'),(119,15,'Dr. Mariana Gusikowski','Veritatis officiis omnis enim voluptates sapiente libero eligendi ea. Occaecati et velit eos. Delectus amet sint ut natus.',3,'2018-05-06 18:05:25','2018-05-06 18:05:25'),(120,21,'Aaliyah Spinka','Fugiat debitis eos qui et occaecati soluta. Accusamus optio voluptatum iure molestias. Neque dolores beatae voluptatem sapiente aut. Dicta at enim non et ex.',3,'2018-05-06 18:05:25','2018-05-06 18:05:25'),(121,43,'Melyssa Abbott MD','Ea aut aperiam fugit ducimus perferendis quasi earum. Vitae placeat et doloribus expedita voluptas eveniet aperiam sunt. Est tempora quos quia magni perspiciatis voluptatem.',0,'2018-05-06 18:05:25','2018-05-06 18:05:25'),(122,24,'Jordi Walsh','Et qui tenetur corrupti occaecati distinctio. Fugit qui soluta ipsum natus quae.',1,'2018-05-06 18:05:25','2018-05-06 18:05:25'),(123,9,'Mittie Gaylord','Est eius fugiat sed id minus ut eum. Earum asperiores possimus sed dolor ut rerum tempora ut. Mollitia eligendi quae odit eum nesciunt accusantium facilis ipsa.',4,'2018-05-06 18:05:25','2018-05-06 18:05:25'),(124,29,'Jazmin Little','Voluptatem perspiciatis facere assumenda incidunt veritatis rerum et. Nam corrupti impedit aut ut atque rerum. Et explicabo et amet quia pariatur sunt nobis provident. Accusantium suscipit est deserunt recusandae accusantium deleniti.',5,'2018-05-06 18:05:25','2018-05-06 18:05:25'),(125,41,'Kaden Ruecker','Libero recusandae officiis perspiciatis nostrum temporibus. Et qui suscipit neque aspernatur earum. Aut quidem libero error qui aut. Reprehenderit aut rerum quidem doloribus aperiam dicta.',3,'2018-05-06 18:05:25','2018-05-06 18:05:25'),(126,22,'Elenora Shields','Autem nemo illum tempore nostrum sint molestiae. Fuga aut ut dolorem minima quo illum magnam molestiae. Quisquam et possimus rerum suscipit deserunt.',2,'2018-05-06 18:05:25','2018-05-06 18:05:25'),(127,47,'Maud Quigley','Quasi numquam qui voluptatem nihil iure soluta ut. Est saepe magni et veritatis totam asperiores. Aut officia culpa aliquid id iste. Aut magnam magnam qui dolorem.',4,'2018-05-06 18:05:25','2018-05-06 18:05:25'),(128,23,'Katlynn Wolf','Fugiat id qui ipsam quod blanditiis. Eius sunt vitae fuga ipsum magnam vero est. Et et hic ab et quos sequi assumenda aspernatur.',0,'2018-05-06 18:05:25','2018-05-06 18:05:25'),(129,13,'Manley Yost','Quisquam ratione consequatur est magni. Ducimus iste veritatis autem et. Rerum quia rem architecto hic nihil impedit.',0,'2018-05-06 18:05:25','2018-05-06 18:05:25'),(130,42,'Davion Hirthe','Saepe qui et sint nulla. Velit aut autem ad nihil id. Ut non tempore veritatis quisquam est voluptas est.',4,'2018-05-06 18:05:25','2018-05-06 18:05:25'),(131,26,'Ward Bode','Impedit aut amet asperiores et saepe quia fuga. Et porro repudiandae recusandae aut saepe et dolorum. Rerum aliquid soluta dolorem occaecati asperiores.',0,'2018-05-06 18:05:25','2018-05-06 18:05:25'),(132,6,'Miss Carolyne Hyatt','Quo ut unde eos quos. Asperiores nobis soluta dolor labore. Iste dolor qui maxime laudantium.',4,'2018-05-06 18:05:25','2018-05-06 18:05:25'),(133,33,'Dr. Halle Kilback DVM','Fugiat ipsum maiores praesentium quibusdam eos beatae rerum. Reprehenderit aut nihil rerum nobis alias accusamus quasi. Possimus eum aut asperiores id accusantium delectus dolores. Quia non omnis a fugiat vitae quia consequatur. Hic commodi qui numquam vitae labore odit architecto ut.',2,'2018-05-06 18:05:25','2018-05-06 18:05:25'),(134,40,'Philip Gaylord IV','Labore illum sequi fuga quia eveniet est molestias veniam. Quaerat et nihil dolorem quia. Nostrum ab exercitationem dolorem explicabo fugit autem vitae.',1,'2018-05-06 18:05:25','2018-05-06 18:05:25'),(135,17,'Ansley Gaylord','Expedita doloribus aliquid maxime. Distinctio blanditiis repellat illo autem. Id adipisci deserunt voluptatum consequuntur eos voluptatum sed. Minus omnis et omnis.',2,'2018-05-06 18:05:25','2018-05-06 18:05:25'),(136,9,'Mr. Sean Zulauf IV','Facere ut minus ex aliquid eum quia qui asperiores. Eum nisi eum veritatis aut dolorem recusandae consequatur. Nam totam vitae sunt aut architecto. Aperiam modi ut qui recusandae dolor repellat porro autem.',1,'2018-05-06 18:05:25','2018-05-06 18:05:25'),(137,15,'George Will','Consequuntur natus dignissimos voluptas. Maxime quasi sint qui placeat eius voluptatem.',1,'2018-05-06 18:05:25','2018-05-06 18:05:25'),(138,22,'Marcelo Torphy','Neque rem assumenda repellendus et blanditiis possimus ratione. Vitae adipisci ut dolorum in nemo. Omnis aliquid itaque omnis quis.',5,'2018-05-06 18:05:25','2018-05-06 18:05:25'),(139,17,'Ms. Annamarie Leuschke','Nesciunt voluptas aut doloribus ad. Nesciunt autem quisquam esse ea tempora repellat. Eum voluptatibus suscipit est aliquid non et. Beatae vero recusandae occaecati quaerat nesciunt magni ea.',4,'2018-05-06 18:05:25','2018-05-06 18:05:25'),(140,43,'Juwan Bartell','Non expedita tempore necessitatibus. Exercitationem officiis nobis iste eos. Laboriosam voluptatem culpa beatae id dicta. Excepturi minus est autem nulla maxime corporis. Nisi cumque voluptates consequatur dolores ipsum libero.',5,'2018-05-06 18:05:25','2018-05-06 18:05:25'),(141,8,'Nedra Larson','Cupiditate nihil ut repellat. Id quod odit magni enim et. Ut nesciunt porro porro culpa architecto eligendi fugit et. Maiores tenetur eveniet fugiat culpa earum dolorem sint explicabo.',3,'2018-05-06 18:05:25','2018-05-06 18:05:25'),(142,25,'Mr. Danny Block','Dolor molestias voluptatem facilis laborum quia voluptatem rem. Omnis voluptatem consectetur ipsum vero exercitationem accusamus exercitationem aut. Qui aut esse fuga consequatur sapiente nemo. Veniam aut enim voluptatibus voluptatibus cumque. Vel officiis animi eius enim ipsam est.',4,'2018-05-06 18:05:25','2018-05-06 18:05:25'),(143,19,'Silas Rowe','Nulla odit iusto a reprehenderit quia mollitia maiores perspiciatis. Fugit aut incidunt id ea aut assumenda. Cumque consequatur laboriosam quidem non voluptas.',0,'2018-05-06 18:05:25','2018-05-06 18:05:25'),(144,39,'Reba Morar','Velit voluptatem occaecati totam qui consequuntur consequuntur. Fugit fugiat rerum dolorem vero neque. Minima dolor quo nisi eos impedit cumque molestias.',1,'2018-05-06 18:05:25','2018-05-06 18:05:25'),(145,30,'Mr. Amani Carroll','Corrupti quo est enim in et. Eos qui et molestiae voluptatem. Quos ut ducimus voluptatum aut.',4,'2018-05-06 18:05:25','2018-05-06 18:05:25'),(146,21,'Dudley Leannon','Vel molestiae quis ratione. Totam aliquid excepturi aut.',2,'2018-05-06 18:05:25','2018-05-06 18:05:25'),(147,28,'Elta Blick','Est culpa maxime quis illo et quaerat sapiente. Nihil voluptatem magni in nihil dolorem molestiae. Sint quo totam consequatur quo ea qui.',4,'2018-05-06 18:05:25','2018-05-06 18:05:25'),(148,11,'Dr. Alek Runte Sr.','Dolor laborum natus ut quis eos vel vitae. Et voluptatum dolorem dolorum consectetur. Eligendi asperiores nihil quisquam. Et ut nihil omnis omnis quod cupiditate modi.',3,'2018-05-06 18:05:25','2018-05-06 18:05:25'),(149,44,'Liam Hartmann','Sequi eaque deleniti optio voluptatem consequatur quia aut. Quos mollitia omnis eum soluta sit et commodi.',5,'2018-05-06 18:05:25','2018-05-06 18:05:25'),(150,43,'Casimer Beier','Vero quibusdam voluptate itaque quo. Nihil rem ut et pariatur labore libero. Aut et est ipsum et.',5,'2018-05-06 18:05:25','2018-05-06 18:05:25'),(151,6,'Mr. Jacey Bogisich','Tenetur modi autem ea odit tempora. Iure sequi eius nostrum nesciunt natus. At assumenda iure ex iure quo a quis.',5,'2018-05-06 18:05:25','2018-05-06 18:05:25'),(152,33,'Connie Swaniawski','Nihil pariatur eaque distinctio sed quaerat. Sit qui doloribus impedit ut labore. Qui est molestiae commodi et ipsam sit quis sint.',4,'2018-05-06 18:05:25','2018-05-06 18:05:25'),(153,48,'Mr. Ike Cassin PhD','Numquam qui culpa sit. Consequatur voluptatem consectetur necessitatibus quaerat sequi ullam. Dolorem tempore harum voluptatem. Ex est placeat occaecati rerum.',1,'2018-05-06 18:05:25','2018-05-06 18:05:25'),(154,13,'Jewel Yost MD','Omnis optio alias error placeat assumenda qui consequatur. Est unde incidunt officiis rerum sit molestiae rerum consequuntur. Nulla aperiam provident incidunt illum eum hic recusandae.',4,'2018-05-06 18:05:25','2018-05-06 18:05:25'),(155,36,'Hudson Raynor','Placeat deleniti optio voluptatem reprehenderit nesciunt vero quia. Culpa aut reiciendis consequuntur et quisquam minus dolorem. Tempore molestiae praesentium at asperiores ipsa dolorem fugiat. Soluta ipsam quia aut sed libero error. Et dolorum eos repellat nisi ipsa.',0,'2018-05-06 18:05:25','2018-05-06 18:05:25'),(156,17,'Candida Kris IV','Modi reiciendis quas omnis ex. Dolor non mollitia nihil eos enim laboriosam. Qui distinctio ex voluptate ut. Fuga aut sed saepe esse.',4,'2018-05-06 18:05:25','2018-05-06 18:05:25'),(157,31,'Dr. Al Mann','Assumenda saepe quia officia neque inventore ut aspernatur. Inventore magni et voluptatem animi non quae sunt. Rem sit minima numquam. Explicabo officiis illo voluptatem qui.',4,'2018-05-06 18:05:25','2018-05-06 18:05:25'),(158,13,'Dr. Shana Osinski III','Sed voluptatem exercitationem velit veritatis. Quis veritatis molestiae qui aperiam enim consequatur corrupti ipsam. Aut qui tempore cupiditate assumenda ut iusto aut.',3,'2018-05-06 18:05:25','2018-05-06 18:05:25'),(159,40,'Mrs. Valentine Kulas V','Voluptas porro nam consectetur velit est ex non. Ut cum odio maxime doloremque eum dolor. Ipsum nulla quae maxime ex suscipit ipsam quasi.',0,'2018-05-06 18:05:25','2018-05-06 18:05:25'),(160,18,'Prof. Sadye Bashirian Jr.','Quidem rerum blanditiis culpa facere est labore possimus. Repellat eveniet tempore itaque ea dolores dolores corrupti. Beatae excepturi perferendis ut ut dicta sint et.',3,'2018-05-06 18:05:25','2018-05-06 18:05:25'),(161,18,'Nasir Schmitt II','Ad quia sunt ipsum quam. Nemo consequatur beatae quo adipisci.',3,'2018-05-06 18:05:25','2018-05-06 18:05:25'),(162,25,'Maud Welch','Voluptatibus quis necessitatibus perferendis alias omnis quia. Dolor quo non qui et qui. Saepe adipisci voluptatem voluptas. Doloribus cum voluptatem cupiditate qui non.',5,'2018-05-06 18:05:25','2018-05-06 18:05:25'),(163,23,'Therese Bergnaum','Exercitationem tempora veritatis ut et architecto. Rerum molestiae tempora et. Et repudiandae eos ducimus expedita iste id libero.',4,'2018-05-06 18:05:25','2018-05-06 18:05:25'),(164,8,'Miss Maribel Kihn V','Autem laudantium nobis voluptatem quae qui corrupti repellat. Dolorum reprehenderit officia magnam qui porro. Laudantium quo error et aliquam. Autem eum cum maxime error ea consequatur. At maiores modi quia aspernatur odio.',3,'2018-05-06 18:05:25','2018-05-06 18:05:25'),(165,30,'Dr. Lois Schmidt MD','Laudantium ut ea officia. Perferendis quaerat laboriosam cum id. Perspiciatis quis quia a quia eum non officiis.',5,'2018-05-06 18:05:25','2018-05-06 18:05:25'),(166,20,'Ms. Minnie Connelly Jr.','Delectus sapiente nobis reiciendis et hic aut. Nemo animi officiis fuga. Minima et quisquam numquam vel voluptatum et natus.',4,'2018-05-06 18:05:25','2018-05-06 18:05:25'),(167,41,'Dr. Santiago Larkin','Qui dolor et sed voluptatem voluptatem aut. Ipsam ipsa tenetur est mollitia suscipit id sunt eum. Quia itaque est iure enim. Eligendi et et sunt et ut quia possimus quo.',1,'2018-05-06 18:05:25','2018-05-06 18:05:25'),(168,2,'Miss Nayeli Kiehn III','Aut dolores et quo et. Nam in omnis facere molestias dolor quo. Aperiam mollitia est aliquid inventore sunt molestiae. Ipsam culpa ea rerum qui natus.',0,'2018-05-06 18:05:25','2018-05-06 18:05:25'),(169,43,'Miss Tabitha Becker','Voluptas amet minima cumque. Totam qui molestiae ut eveniet. Est et dicta magnam laborum velit. Nam blanditiis laborum est voluptatem.',4,'2018-05-06 18:05:25','2018-05-06 18:05:25'),(170,20,'Clementine O\'Reilly V','Non inventore distinctio non ut aut dicta quae. Omnis culpa qui qui fugiat. Quasi odio fugiat nisi quas expedita ipsum rem et. Laborum perspiciatis quaerat non nobis dolores est.',5,'2018-05-06 18:05:25','2018-05-06 18:05:25'),(171,9,'Constantin Gusikowski','Quia ullam nihil temporibus dolores. Qui et ipsa earum quod quaerat non.',0,'2018-05-06 18:05:25','2018-05-06 18:05:25'),(172,46,'Dr. Francesca Kohler','Qui voluptatem culpa provident reiciendis consequatur et. Eligendi aut iusto aut dolorum incidunt doloribus. Quo repellendus illo est dolores minima debitis. Quisquam perferendis qui omnis ut voluptates dignissimos quae.',5,'2018-05-06 18:05:25','2018-05-06 18:05:25'),(173,40,'Baron Terry','Voluptates nesciunt aut quis placeat ea ea inventore laboriosam. Praesentium corporis qui et nesciunt ratione. Aliquid vitae fuga et. Quia eius rem voluptatibus et ipsa.',3,'2018-05-06 18:05:25','2018-05-06 18:05:25'),(174,26,'Albert Wiegand II','Quis dignissimos distinctio atque sit deleniti provident rerum. Nesciunt et ullam ipsa rerum architecto et rerum. Nostrum vitae itaque aut sapiente eius. Saepe esse accusamus incidunt dolor eaque esse.',3,'2018-05-06 18:05:25','2018-05-06 18:05:25'),(175,22,'Chanel Grimes','Quia temporibus corrupti voluptatibus iusto minus autem. Unde sit et et. Voluptatum laborum provident cum quis et quae. Consequatur ut sapiente molestias minus voluptas.',1,'2018-05-06 18:05:25','2018-05-06 18:05:25'),(176,46,'Duncan Dicki','Ducimus adipisci nisi qui esse similique. Iure qui vitae et doloribus impedit fugit in ut. Eum possimus odit reiciendis ipsum.',2,'2018-05-06 18:05:25','2018-05-06 18:05:25'),(177,41,'Imani Crona','Aperiam dolorem tempore enim cum rerum veniam. Vero suscipit voluptatum natus vel est. Earum aut nesciunt magnam.',2,'2018-05-06 18:05:25','2018-05-06 18:05:25'),(178,1,'Tina Becker','Fugit ullam eos ex nesciunt quasi architecto quaerat qui. Consequatur neque sapiente magnam dignissimos voluptates optio.',0,'2018-05-06 18:05:25','2018-05-06 18:05:25'),(179,46,'Aurelio Johns','Ipsa vel et impedit dicta. Voluptate qui sunt quibusdam voluptas. Sunt magnam enim minus doloribus voluptas maxime.',5,'2018-05-06 18:05:25','2018-05-06 18:05:25'),(180,25,'Ms. Eldora Schowalter DDS','Et velit culpa quam voluptates atque. A tempore iusto esse. Cumque illum quod eveniet doloribus. Mollitia occaecati eum reprehenderit fuga quibusdam quae est eos.',2,'2018-05-06 18:05:25','2018-05-06 18:05:25'),(181,48,'Elwyn Buckridge III','Possimus quia quia enim id accusantium. Velit unde rem aperiam id vero qui. Unde laudantium nobis culpa dignissimos ducimus accusantium ratione.',4,'2018-05-06 18:05:25','2018-05-06 18:05:25'),(182,42,'Mr. Corbin Metz II','In est porro aut. Aut facilis dolor deleniti repellat molestias. Earum molestiae itaque qui ea voluptas. Enim ad modi quia dolores ea et laboriosam.',3,'2018-05-06 18:05:25','2018-05-06 18:05:25'),(183,11,'Vinnie Carroll','At deleniti ut est sit magnam deserunt id. Deserunt aut velit distinctio in doloribus omnis et eos. Sed omnis id sed et.',2,'2018-05-06 18:05:25','2018-05-06 18:05:25'),(184,48,'Bette Bergstrom','Porro distinctio dolores sequi alias. Et consequuntur nesciunt odit aliquam consectetur velit.',0,'2018-05-06 18:05:25','2018-05-06 18:05:25'),(185,41,'Judge Hahn','Exercitationem et enim est porro vitae reprehenderit molestiae aliquid. Deserunt reprehenderit delectus expedita molestiae itaque. Officia est inventore eius eum neque repudiandae. Velit quam amet sint nesciunt.',4,'2018-05-06 18:05:25','2018-05-06 18:05:25'),(186,41,'Ms. Sallie Hudson','Ullam quo dolorem id sed suscipit. Aut assumenda veniam ut eos recusandae. Aut repellendus et dolor sequi quae quidem blanditiis.',5,'2018-05-06 18:05:25','2018-05-06 18:05:25'),(187,49,'Conrad Auer','Beatae molestiae aperiam corrupti vel ipsum. Dolorum asperiores dolores nihil officiis culpa voluptatum consectetur. Ipsum doloremque vero quia. Ratione repellat sunt voluptatem recusandae qui.',4,'2018-05-06 18:05:25','2018-05-06 18:05:25'),(188,2,'Lonny Romaguera IV','Nemo nostrum voluptas facilis repellendus in praesentium. Aut omnis et in id. Et enim necessitatibus numquam quidem dolore vitae tempore.',4,'2018-05-06 18:05:25','2018-05-06 18:05:25'),(189,37,'Bart Hagenes II','Commodi sunt repellat aut delectus qui inventore. Corporis vero nulla ea maxime doloribus officiis aut. Quas est sed similique odit delectus sequi in accusamus.',5,'2018-05-06 18:05:25','2018-05-06 18:05:25'),(190,50,'Bailey Kiehn','Sunt necessitatibus eos molestiae. Omnis sit atque sit nobis. Nemo enim exercitationem voluptatem velit nam voluptates facilis.',1,'2018-05-06 18:05:25','2018-05-06 18:05:25'),(191,13,'Marianne Mills','Quo quo quae iure nisi error quod nemo. Placeat nesciunt repudiandae vero nesciunt natus quo. Quos nihil illo minus incidunt distinctio.',5,'2018-05-06 18:05:25','2018-05-06 18:05:25'),(192,26,'Stephanie Marquardt','Soluta cum ut sed adipisci sit dolorem tempore et. Delectus voluptatem est soluta ut. Vel in iure unde.',5,'2018-05-06 18:05:25','2018-05-06 18:05:25'),(193,32,'Prof. Martine Kuhn DDS','Eos minus unde et doloremque voluptas laudantium. Suscipit vel quam vel commodi nisi ut quisquam aliquid.',5,'2018-05-06 18:05:25','2018-05-06 18:05:25'),(194,32,'Oma Beer','Id est minus tempore consequatur adipisci cumque sequi et. Eos ipsum vitae quam omnis et dolor. Rerum praesentium recusandae debitis dolores.',1,'2018-05-06 18:05:25','2018-05-06 18:05:25'),(195,48,'Violette Prohaska','Cumque enim fuga exercitationem tempore. Harum a odit et voluptatem. Eligendi quo saepe natus similique possimus.',0,'2018-05-06 18:05:25','2018-05-06 18:05:25'),(196,34,'Leland Pacocha','Aliquam cum numquam ut quod voluptatem sunt. Aliquid consectetur vel tempore velit temporibus neque. Voluptatem earum omnis non ut excepturi neque quis voluptatem. Debitis nostrum quo voluptas fuga.',5,'2018-05-06 18:05:25','2018-05-06 18:05:25'),(197,23,'Prof. Mckenna Huels MD','Voluptas harum occaecati autem libero. Commodi qui qui aut accusamus. Suscipit omnis voluptatum laboriosam fugit debitis. Nesciunt itaque voluptatem tenetur.',0,'2018-05-06 18:05:25','2018-05-06 18:05:25'),(198,28,'Mr. Kaleb Mueller','Omnis fugit sequi vel. Nemo sequi impedit eos ad voluptate ad possimus tempore. Exercitationem accusamus dolor beatae minus quas maxime.',3,'2018-05-06 18:05:25','2018-05-06 18:05:25'),(199,41,'Bertrand Schaden V','Et placeat molestiae cumque nisi quaerat ut iusto pariatur. Sint dolorem dolorem doloremque rerum mollitia hic dolor. At rerum veritatis sapiente eligendi. Odit dolor aut fugit id sit.',1,'2018-05-06 18:05:25','2018-05-06 18:05:25'),(200,47,'Mrs. Onie Streich Sr.','Molestiae hic adipisci sint eaque et architecto. Expedita eveniet officiis in. Tempora nam nostrum facilis et reprehenderit. Enim quia consequatur laboriosam sequi cumque culpa eveniet.',1,'2018-05-06 18:05:25','2018-05-06 18:05:25'),(201,20,'Flavie Bahringer','Maxime molestiae ipsam dolore quis dignissimos delectus qui iste. Ducimus autem sit eius cum corporis quia cupiditate. Rerum fuga aut possimus possimus.',1,'2018-05-06 18:05:25','2018-05-06 18:05:25'),(202,37,'Mrs. Destany Monahan PhD','Quasi qui excepturi laborum doloribus officiis. Ducimus quam molestias et doloribus. Perspiciatis magnam esse molestiae tenetur esse.',3,'2018-05-06 18:05:25','2018-05-06 18:05:25'),(203,40,'Weston Reichel','Ut sunt minima nihil voluptas repellendus. Quia quis nulla id vero. Sit dolores molestiae et. Qui quis nihil officiis sed qui aut eaque.',5,'2018-05-06 18:05:25','2018-05-06 18:05:25'),(204,39,'Marshall Muller','Voluptatem pariatur nihil voluptatem sit impedit repellendus sint et. Consectetur omnis molestiae ut aut omnis. Voluptates ut et quidem beatae quos fugiat. Facilis assumenda aspernatur culpa nostrum omnis. Modi nostrum veritatis cum assumenda ipsam reiciendis reprehenderit.',0,'2018-05-06 18:05:25','2018-05-06 18:05:25'),(205,11,'Prof. Bennett Wunsch V','Qui et et voluptas optio. Ea ut dicta et non. Repellendus quia reiciendis ut necessitatibus et. Culpa sunt vitae hic ratione sint voluptatibus ut rem.',5,'2018-05-06 18:05:25','2018-05-06 18:05:25'),(206,19,'Dereck Spinka','Dolorem velit repellendus porro voluptatem adipisci. Ipsam reprehenderit ex non reiciendis. Aperiam animi in suscipit corrupti aut.',1,'2018-05-06 18:05:25','2018-05-06 18:05:25'),(207,48,'Chyna Donnelly IV','Non et et ipsum quod. Impedit tempora ut id aspernatur. Sit aut voluptas voluptatem architecto suscipit amet. Iusto sapiente optio quia autem doloribus doloribus.',0,'2018-05-06 18:05:25','2018-05-06 18:05:25'),(208,9,'Hosea Zulauf','Molestias officia exercitationem ratione voluptates iusto. In modi dolores natus reprehenderit voluptates.',4,'2018-05-06 18:05:25','2018-05-06 18:05:25'),(209,15,'Darryl Tromp','Iure porro dignissimos laboriosam qui vitae accusamus ex. Est ut et id culpa possimus ipsum omnis. Et ex et saepe asperiores eos. Et ex aut sed et ut quod.',0,'2018-05-06 18:05:25','2018-05-06 18:05:25'),(210,8,'Felipe Shields','Error sit nemo delectus quam suscipit sapiente. At cumque et dolorum vel. Ea odio atque voluptas quam. Sunt aliquid distinctio neque consequatur a eius.',1,'2018-05-06 18:05:25','2018-05-06 18:05:25'),(211,8,'Ibrahim Kris','Ut quasi eius qui velit ducimus consequatur. Aperiam voluptas dicta et nisi. Fugit nulla debitis modi explicabo aliquid sequi.',1,'2018-05-06 18:05:25','2018-05-06 18:05:25'),(212,28,'Prof. Ubaldo Durgan II','Pariatur atque eveniet natus iure ab aut. Nulla rerum dicta non ut. Totam veritatis possimus aut quo modi.',4,'2018-05-06 18:05:25','2018-05-06 18:05:25'),(213,42,'Yolanda Schmitt','Sed aut voluptatem inventore aut ut sint aut. Aliquid doloremque ut commodi sit ut suscipit.',1,'2018-05-06 18:05:25','2018-05-06 18:05:25'),(214,42,'Lindsay Pfannerstill','Quia et ipsum temporibus recusandae accusantium distinctio molestiae a. Odit quod molestiae sint enim modi perspiciatis qui. Eius dolor adipisci rem distinctio ratione aut.',1,'2018-05-06 18:05:25','2018-05-06 18:05:25'),(215,5,'Dr. Marta Lebsack MD','Facilis magnam labore molestias ut omnis neque mollitia. Amet et quos corrupti. Enim velit odit est et quis.',1,'2018-05-06 18:05:25','2018-05-06 18:05:25'),(216,48,'Edna Kunde','Eos ratione autem sequi facilis quaerat fugit excepturi. Animi in consequatur eveniet alias dignissimos nihil. Est voluptas optio qui alias dolores vel dolorem et. Placeat sunt sed aut aut maxime enim.',4,'2018-05-06 18:05:25','2018-05-06 18:05:25'),(217,21,'Cristobal Kovacek','Quisquam sint et quia quibusdam. Quod rerum iusto architecto at. Neque sequi quidem et praesentium qui consequuntur quidem. Consequatur sapiente quasi ut ab a laudantium.',3,'2018-05-06 18:05:25','2018-05-06 18:05:25'),(218,11,'Stan Bashirian','Debitis ut distinctio assumenda aut vero ut ea omnis. At distinctio fugit illo quis pariatur. Reprehenderit quisquam vel nostrum.',5,'2018-05-06 18:05:25','2018-05-06 18:05:25'),(219,10,'Myrl Lubowitz','In fugiat soluta illum commodi nihil consequatur aut voluptate. Accusamus autem ea et ratione quia impedit. Ut mollitia id autem nisi dolor. Esse qui velit asperiores laboriosam et eum quisquam omnis.',3,'2018-05-06 18:05:25','2018-05-06 18:05:25'),(220,38,'Reta Fadel','Architecto dolorem rerum eos est optio est quasi fugit. Quia possimus voluptatem quasi sed qui. Sequi porro et ex voluptatem perspiciatis mollitia. Et veritatis nam impedit.',2,'2018-05-06 18:05:25','2018-05-06 18:05:25'),(221,43,'Miss Carolyn Von DVM','Ipsum consequatur eum veniam eligendi facilis odio. Voluptatem enim ab eaque qui. Occaecati quibusdam excepturi dolorem sit voluptates. Sint et facilis qui cum.',0,'2018-05-06 18:05:25','2018-05-06 18:05:25'),(222,42,'Pearl Casper','Molestiae et ab omnis accusantium omnis commodi totam aut. Delectus ad veniam id et sunt eaque ut.',5,'2018-05-06 18:05:25','2018-05-06 18:05:25'),(223,24,'Marlen Denesik','Animi a laboriosam dolorem ab optio tenetur. Et voluptas possimus aliquam. Dolorum ut consequatur perferendis ut esse distinctio expedita in.',0,'2018-05-06 18:05:25','2018-05-06 18:05:25'),(224,2,'Rashad Konopelski','Minus quis facilis quod repellat qui debitis. Qui velit accusantium aut numquam odio perspiciatis ipsum. Qui pariatur quidem excepturi iusto sunt.',3,'2018-05-06 18:05:25','2018-05-06 18:05:25'),(225,15,'Mrs. Ressie Fadel','Placeat tenetur architecto et exercitationem veritatis dolorem nisi qui. Qui sint inventore veritatis a autem quo. Omnis officia laborum id quisquam possimus.',4,'2018-05-06 18:05:25','2018-05-06 18:05:25'),(226,24,'Forest Abernathy','Nemo qui deleniti est aut et excepturi sint. Doloremque quod eum neque. Ea voluptas optio non.',3,'2018-05-06 18:05:25','2018-05-06 18:05:25'),(227,7,'Amalia Ziemann','Deserunt dolore magni eos impedit et qui velit. Consequatur iusto illum sit soluta enim odit. Suscipit vero soluta cumque aut amet. At amet fugiat voluptatem et et qui hic.',1,'2018-05-06 18:05:25','2018-05-06 18:05:25'),(228,14,'Vernie Cruickshank PhD','Similique voluptate dolores et sed dolores consequatur ad. Reprehenderit molestias earum libero aliquam numquam quia asperiores. Earum sit esse cumque iure quibusdam. Nulla culpa libero itaque commodi non repudiandae possimus doloribus.',5,'2018-05-06 18:05:25','2018-05-06 18:05:25'),(229,13,'Prof. Virgie Swift','Modi dolorum corporis accusamus illo qui a magnam. Vel quia nulla aut deserunt consequatur suscipit.',1,'2018-05-06 18:05:25','2018-05-06 18:05:25'),(230,11,'Leatha Fay','Quis dolores voluptate vel perferendis. Quod et distinctio unde maiores odio saepe.',3,'2018-05-06 18:05:25','2018-05-06 18:05:25'),(231,35,'Elinor Auer','Fuga quia sunt excepturi ipsum. Explicabo vitae et rerum quos accusamus accusantium quis. Quas illo quas corrupti non. Dicta in sed vitae eius aut quaerat aut.',5,'2018-05-06 18:05:25','2018-05-06 18:05:25'),(232,28,'Jaleel Little','Cupiditate dolorem voluptatem quia eum voluptates sequi. Eius veniam ut cupiditate repellat non placeat et. Facilis illum sed corporis illo.',2,'2018-05-06 18:05:25','2018-05-06 18:05:25'),(233,28,'Dr. Harrison Beer DVM','Id accusantium eos accusantium sed. Qui aut aspernatur voluptatibus eligendi. Debitis velit voluptas culpa id perferendis.',3,'2018-05-06 18:05:25','2018-05-06 18:05:25'),(234,5,'Violette Kuphal','Sed debitis sint tempore magni sit reiciendis facere minus. Facere veritatis rerum quam.',3,'2018-05-06 18:05:25','2018-05-06 18:05:25'),(235,18,'Mrs. Kira Smith','Ut tempora et adipisci dolores ipsam enim. Voluptas error cupiditate est modi. Vel ullam excepturi error voluptates voluptatibus vero debitis. Deleniti assumenda eos possimus ratione aliquam enim dicta temporibus.',0,'2018-05-06 18:05:25','2018-05-06 18:05:25'),(236,34,'Patsy Hickle DVM','Culpa et officiis ea illum. Odit tenetur debitis nobis quia officia. Voluptatem non aut omnis sint omnis sed. Voluptatibus commodi exercitationem perspiciatis recusandae neque.',2,'2018-05-06 18:05:25','2018-05-06 18:05:25'),(237,11,'Alva Orn','Aperiam ut ea sit doloremque doloribus. Rerum repellat odit possimus fuga sunt sed blanditiis voluptatem.',1,'2018-05-06 18:05:25','2018-05-06 18:05:25'),(238,43,'Prof. Braden Mitchell','Placeat corrupti in exercitationem unde rerum. Repellat dolor iusto totam omnis fugiat eum vitae. Nisi occaecati quia voluptatibus qui dolores quasi. Eligendi fugit maiores fugit qui. Ea explicabo voluptatem voluptatem.',5,'2018-05-06 18:05:25','2018-05-06 18:05:25'),(239,11,'Loma O\'Kon','Delectus modi impedit modi perspiciatis. Officiis ipsum sed ab non. Non quidem et consequatur excepturi. Ut et corporis porro totam dolor earum.',2,'2018-05-06 18:05:25','2018-05-06 18:05:25'),(240,13,'Shad McCullough V','Sapiente ut nisi quis nihil suscipit ut. Nisi atque impedit soluta ullam nostrum aspernatur. Voluptates quis tempore et.',0,'2018-05-06 18:05:25','2018-05-06 18:05:25'),(241,45,'Quincy Boyle IV','Sed voluptatem cum laboriosam. Officiis est voluptates ratione autem. Numquam sed officiis et voluptas omnis voluptate.',2,'2018-05-06 18:05:25','2018-05-06 18:05:25'),(242,28,'Lottie Wolff','Optio esse cum quod vel fugiat sit. Soluta rerum rem cum eum et.',3,'2018-05-06 18:05:25','2018-05-06 18:05:25'),(243,3,'Blaise Farrell','Nostrum quasi nostrum consectetur. Blanditiis quos non recusandae incidunt nihil. Velit accusantium laudantium et provident qui velit quam enim. Sunt rerum voluptatem reiciendis quaerat sed.',5,'2018-05-06 18:05:25','2018-05-06 18:05:25'),(244,43,'Cortez Senger','Possimus perspiciatis accusantium aperiam cum id tenetur. In voluptatum ea voluptatem ipsum. Non amet magni nulla nam voluptatem cupiditate.',2,'2018-05-06 18:05:25','2018-05-06 18:05:25'),(245,47,'Claud Abshire','Ut maiores ullam magni soluta dignissimos numquam. Tenetur voluptatem nemo id voluptas. Ut molestias enim aspernatur architecto maxime. A repellat corporis et magni ratione dolor.',3,'2018-05-06 18:05:25','2018-05-06 18:05:25'),(246,46,'Margarete Huel','Vel itaque et atque sed aut numquam veritatis. Hic iste omnis officia fugiat magnam rerum non est. Distinctio maiores numquam dolorem velit velit odit assumenda velit. Ea repellendus temporibus sed et reiciendis quod.',4,'2018-05-06 18:05:25','2018-05-06 18:05:25'),(247,13,'Bella Batz','Magni dolore corrupti numquam iusto vitae nisi ut. Ut rerum et qui. Quia deleniti molestiae maxime temporibus perspiciatis.',1,'2018-05-06 18:05:25','2018-05-06 18:05:25'),(248,46,'Ms. Delores Streich','Illum voluptatem ipsam ullam nesciunt eaque voluptates numquam nam. Quae molestiae voluptatem porro voluptatem. Nostrum at dolores eaque doloribus dolores.',4,'2018-05-06 18:05:25','2018-05-06 18:05:25'),(249,43,'Clovis Denesik','Porro sapiente totam quas dolorem at asperiores quis. Maxime non quia doloribus cumque rerum officiis. Rerum eius inventore corporis nihil.',0,'2018-05-06 18:05:25','2018-05-06 18:05:25'),(250,19,'Alisha Leffler I','Aperiam ea aliquam debitis corporis quibusdam aspernatur sit et. Qui sapiente voluptatibus sed harum autem autem voluptas. Dolorum quisquam neque laborum molestiae hic incidunt qui. Molestias facere unde quasi. Quis enim possimus modi ratione eius corrupti.',3,'2018-05-06 18:05:25','2018-05-06 18:05:25'),(251,6,'Prof. Ike Bayer','Unde provident iste dolor reiciendis. Aliquid labore eum nulla esse. Voluptate iure occaecati sit sequi. Qui et quia id provident culpa est.',1,'2018-05-06 18:05:25','2018-05-06 18:05:25'),(252,41,'Ms. Kelly Rath PhD','Maxime inventore quia eos eos qui qui voluptatem. Quae quis mollitia sit ipsum culpa recusandae distinctio. Excepturi nisi nesciunt asperiores quisquam. At natus dolorem minima explicabo rerum.',4,'2018-05-06 18:05:25','2018-05-06 18:05:25'),(253,18,'Mr. Floyd Fadel','Est voluptas libero ut corrupti dolor quia aut iure. Maxime repellat quaerat labore veniam voluptatem ex quo. Molestias ea voluptatum cumque quis sit sunt veritatis.',1,'2018-05-06 18:05:25','2018-05-06 18:05:25'),(254,43,'Daphney O\'Kon Sr.','Voluptate quisquam sit et est quos officiis. Temporibus eveniet esse qui possimus. Dolor dolor aut modi ea dolore ducimus.',0,'2018-05-06 18:05:25','2018-05-06 18:05:25'),(255,13,'Howell Ebert','Totam minus quis necessitatibus ipsam maiores officia. Beatae soluta eum sapiente ipsum. Suscipit officiis sit dignissimos. Omnis et beatae vero.',1,'2018-05-06 18:05:25','2018-05-06 18:05:25'),(256,41,'Jewell Cassin','Vero fuga dolores fuga delectus facere ut aut similique. Minima rerum voluptas accusantium vero non. Iusto eum voluptate ad consequatur non dolorem. Modi repellat est numquam ratione. Quia autem consequuntur debitis qui et aspernatur.',0,'2018-05-06 18:05:25','2018-05-06 18:05:25'),(257,50,'Mr. Marco Fay V','Quos exercitationem nam amet molestiae voluptatem laborum. Rerum quae molestiae iure sapiente dolorum nisi. Aperiam esse corrupti soluta aut laborum corrupti eum. Facere qui tempora ut sint ipsum facere architecto.',1,'2018-05-06 18:05:25','2018-05-06 18:05:25'),(258,30,'Michelle Flatley','Error architecto aut eaque ex omnis id consectetur. Eos eum eos doloremque sequi quod.',5,'2018-05-06 18:05:25','2018-05-06 18:05:25'),(259,2,'Prof. Kailee Pouros PhD','Suscipit a sit et necessitatibus quos repellat. Similique in ut rerum tempora sed esse.',3,'2018-05-06 18:05:25','2018-05-06 18:05:25'),(260,24,'Miss Leonor Wunsch III','Ut assumenda quis explicabo. Nostrum sed ipsam sed pariatur ea quia. Et expedita magnam id aut officia. Fuga dolorem quia sint aut omnis.',1,'2018-05-06 18:05:25','2018-05-06 18:05:25'),(261,34,'Fred Stanton','Quisquam facere qui vero totam est. Qui dolore nam recusandae.',4,'2018-05-06 18:05:25','2018-05-06 18:05:25'),(262,44,'Aleen Connelly','Excepturi dolore velit consequatur deleniti. Recusandae blanditiis voluptatem et voluptates soluta sit. Et ut qui itaque dignissimos maiores esse magni. Aut minus et et explicabo enim consequatur quas. Sunt molestiae soluta sunt perspiciatis.',2,'2018-05-06 18:05:25','2018-05-06 18:05:25'),(263,43,'Emmitt Nikolaus DVM','Tempore velit perspiciatis facilis in aut possimus. Voluptatibus voluptas eius enim aliquid suscipit quaerat. Est consequatur rerum quo provident ab repellat. Iure veniam suscipit praesentium eos odit fugit et.',3,'2018-05-06 18:05:25','2018-05-06 18:05:25'),(264,17,'Davonte Paucek','In odio aspernatur ipsa itaque qui fugit labore. Temporibus aut ut rerum impedit culpa. Animi est autem sed dolorem ut distinctio aut. In suscipit eius nihil vitae laboriosam dolores non velit.',0,'2018-05-06 18:05:25','2018-05-06 18:05:25'),(265,21,'Kenya Rosenbaum','Voluptas cumque dolores nemo harum qui necessitatibus ut. Quo molestias qui optio est aspernatur dolorem. Est deserunt modi hic quia.',0,'2018-05-06 18:05:25','2018-05-06 18:05:25'),(266,17,'Mr. Kenny Roob','Est ut ducimus est qui consequatur necessitatibus qui alias. Quibusdam incidunt earum quos corrupti possimus. Sed est explicabo qui inventore odio quis voluptas quo.',3,'2018-05-06 18:05:25','2018-05-06 18:05:25'),(267,12,'Lauren Koss IV','Explicabo numquam illum aperiam. Quis totam qui eum. Incidunt consequuntur voluptatem aut voluptas eveniet labore rem. Est eos et aut hic praesentium.',1,'2018-05-06 18:05:25','2018-05-06 18:05:25'),(268,44,'Annamarie Gleason','Incidunt qui dolores ipsam quae temporibus odio. Odit ducimus ipsa ullam pariatur molestiae sit reprehenderit. Et aspernatur quibusdam molestiae alias deleniti accusantium autem nihil.',3,'2018-05-06 18:05:25','2018-05-06 18:05:25'),(269,33,'Mr. Christopher Brakus V','Et deleniti perspiciatis soluta voluptatem est aut. Reiciendis dolor sunt ea voluptas voluptatem praesentium rerum.',2,'2018-05-06 18:05:25','2018-05-06 18:05:25'),(270,23,'Dr. Jocelyn Hermann','Aut id aut est ipsum aut dolor. Molestiae blanditiis voluptatem voluptas aut dolorem beatae enim. Suscipit assumenda maxime ut rem est voluptatibus beatae. Ut sit distinctio placeat id qui voluptatem quia veniam. Aliquam alias et nemo quo quia.',4,'2018-05-06 18:05:25','2018-05-06 18:05:25'),(271,13,'Mose Bednar','A rerum est autem est aliquam repellendus. Numquam id reiciendis eius. Necessitatibus reprehenderit mollitia sunt ut labore ea quis. Nemo quae asperiores qui ut velit delectus laboriosam.',1,'2018-05-06 18:05:25','2018-05-06 18:05:25'),(272,37,'Dr. Antwon Turcotte','Eius quae in ut saepe ut. Perspiciatis reprehenderit eum sit dignissimos et corporis. Ipsam sed quia vitae totam alias eum nesciunt delectus. Enim voluptatem exercitationem sed sunt laboriosam ea.',5,'2018-05-06 18:05:25','2018-05-06 18:05:25'),(273,3,'Neha Beer PhD','Dolores sed eligendi est fugit sequi sit qui. Nulla et sunt qui et accusamus. Non blanditiis harum asperiores. Et velit omnis cupiditate.',5,'2018-05-06 18:05:25','2018-05-06 18:05:25'),(274,5,'Dave Rutherford','Cumque sint aperiam eos modi ipsa non. Et iste deleniti distinctio ea. Nihil illum vel temporibus fuga nemo.',3,'2018-05-06 18:05:25','2018-05-06 18:05:25'),(275,30,'Prof. Geo Huels V','Facere quia sequi velit qui. Sunt quo et rerum sint a. Sunt cum modi et. Omnis vero fugiat et dolorem et.',5,'2018-05-06 18:05:25','2018-05-06 18:05:25'),(276,41,'Ellen Lang','Veritatis dolores necessitatibus enim ad laudantium nostrum et. Veritatis voluptates magni molestiae quia dolores sed quaerat. Enim enim recusandae nesciunt a quo. Enim officiis optio consectetur natus id.',3,'2018-05-06 18:05:25','2018-05-06 18:05:25'),(277,15,'Miss Ashlee Lakin Sr.','Nobis asperiores ipsum reiciendis aliquid. Ut dolor ut quis et omnis culpa sit. Sunt sed doloribus enim doloribus saepe aut. Accusamus consequuntur enim nam.',4,'2018-05-06 18:05:25','2018-05-06 18:05:25'),(278,29,'Aurelia Schmidt','Dolorem beatae omnis repellat nam et. Nihil architecto nam nobis eaque ut voluptates. Doloribus cupiditate molestiae debitis mollitia dolores.',1,'2018-05-06 18:05:25','2018-05-06 18:05:25'),(279,28,'Karlee Anderson','Asperiores rerum quaerat iure ullam ratione est. Et illum ducimus aut alias. Ut nulla autem vel. Eveniet similique et ipsa ex.',1,'2018-05-06 18:05:25','2018-05-06 18:05:25'),(280,20,'Mr. Deondre Stehr DVM','Facere asperiores ipsa sint et. Et est quam et impedit. Mollitia ipsam voluptas atque. Quia modi eveniet accusantium temporibus ad aut neque.',3,'2018-05-06 18:05:25','2018-05-06 18:05:25'),(281,20,'Kaylie Zboncak Jr.','Officiis aliquam quae pariatur facilis dolor velit officia. Vero natus quis aperiam et praesentium nisi rem. Dolor quibusdam optio nostrum asperiores. Illum id aut qui quasi dolor sed accusamus sunt.',2,'2018-05-06 18:05:25','2018-05-06 18:05:25'),(282,8,'Rene Wilkinson','Sint esse aspernatur accusantium rerum voluptatem itaque. Vel sit accusantium blanditiis odio est est. Omnis quis iure aut quos. Id dolor eaque est fuga occaecati quos.',0,'2018-05-06 18:05:25','2018-05-06 18:05:25'),(283,13,'Jannie Schuppe','Nihil ab distinctio debitis iste dolor. Reiciendis molestiae ab dolorum consectetur. Autem ea voluptatem iste nisi. Laborum deserunt ut eos nihil sunt et.',4,'2018-05-06 18:05:25','2018-05-06 18:05:25'),(284,4,'Jaleel Mayert','Nam ratione pariatur et et perspiciatis ut explicabo. Laboriosam voluptate dolorem reiciendis voluptatem sit exercitationem. Libero et aut excepturi odio earum exercitationem.',4,'2018-05-06 18:05:25','2018-05-06 18:05:25'),(285,44,'Dawson Kuphal','Nisi est necessitatibus molestiae sapiente ut eum aut ut. Et ipsa cumque velit quaerat quas sint fuga. Officiis omnis dignissimos et deserunt porro.',5,'2018-05-06 18:05:25','2018-05-06 18:05:25'),(286,27,'Providenci Leuschke','Magnam et non quam dolorem quidem vero et. Fugiat quaerat ad labore nisi dicta et aut. Exercitationem sunt ut hic soluta asperiores totam fuga. Eligendi quia recusandae error sit sapiente non rerum.',3,'2018-05-06 18:05:25','2018-05-06 18:05:25'),(287,35,'Jacklyn Koss','Et ea aspernatur autem nihil aspernatur harum. Sint autem incidunt architecto eveniet rerum ad velit. Voluptatem quas id voluptates voluptates voluptatem modi. Dolor hic corporis quaerat sit voluptatem.',2,'2018-05-06 18:05:25','2018-05-06 18:05:25'),(288,44,'Gregorio Schmitt','Architecto cupiditate excepturi occaecati consequatur reiciendis. Officiis quo fugiat dolores incidunt adipisci sed illum. Sed aut tenetur sint sit asperiores placeat. Fuga et ut magni id dolore quia dolor.',1,'2018-05-06 18:05:25','2018-05-06 18:05:25'),(289,3,'Carmelo Cremin','Expedita repudiandae eum quo nostrum quis ad sunt. Et voluptatem perferendis iusto vero sapiente vero. Porro pariatur consequuntur repudiandae aliquid perferendis sunt explicabo. Qui voluptatem repudiandae hic qui officiis.',2,'2018-05-06 18:05:25','2018-05-06 18:05:25'),(290,44,'Jake Adams','Quaerat architecto debitis veniam esse possimus. Quidem ut qui illum pariatur. Dignissimos illum aut et vel.',1,'2018-05-06 18:05:25','2018-05-06 18:05:25'),(291,49,'Dr. Trace Kulas MD','Alias enim et esse quisquam rerum. Quae provident voluptatem ducimus nesciunt sint laudantium nihil.',5,'2018-05-06 18:05:25','2018-05-06 18:05:25'),(292,48,'Dr. Juliet Bergnaum','Et qui similique blanditiis perferendis nulla. Possimus esse quis molestias. Ut in et libero sint similique.',3,'2018-05-06 18:05:25','2018-05-06 18:05:25'),(293,20,'Christop Smith','Voluptas commodi facere quidem quos est eaque. Et culpa consequuntur optio veniam. Asperiores autem provident nobis similique natus magni debitis veniam.',2,'2018-05-06 18:05:25','2018-05-06 18:05:25'),(294,26,'Cornell Abernathy III','Nihil sit nostrum maxime est possimus illo. Autem unde inventore cum minus tempora consequuntur.',0,'2018-05-06 18:05:25','2018-05-06 18:05:25'),(295,28,'Matilda Hintz','Neque assumenda et omnis. Sunt ut dignissimos omnis aut et. Porro animi illo dolorem architecto asperiores est.',2,'2018-05-06 18:05:25','2018-05-06 18:05:25'),(296,19,'Jany Willms','Iure itaque totam ullam et saepe dolorum voluptatem. Omnis voluptates qui ducimus vel repellendus. Occaecati qui quas et tempora. Sunt quam rerum expedita tempore voluptatem qui.',5,'2018-05-06 18:05:25','2018-05-06 18:05:25'),(297,38,'Juanita Hettinger','Dolor quod numquam eius. Ducimus explicabo magnam voluptatum odio eius hic. Similique eius iusto illum quia. Sed a eum aut praesentium qui.',4,'2018-05-06 18:05:25','2018-05-06 18:05:25'),(298,32,'Maiya Rau','Nisi sapiente dolorem molestiae libero sed id et nesciunt. Molestias quia sint repudiandae fugit soluta. Minima est sint incidunt labore occaecati velit delectus praesentium.',1,'2018-05-06 18:05:25','2018-05-06 18:05:25'),(299,24,'Dr. Alyce Barrows DDS','Fugit dicta quia rerum et cumque impedit. Dignissimos id adipisci et expedita repellat. Enim cupiditate sed dolore quia blanditiis ipsum.',1,'2018-05-06 18:05:25','2018-05-06 18:05:25'),(300,6,'Macie Wolff','Sit consequatur eaque quia qui qui aut. Aliquid nam doloremque ad. Non ipsam quia dicta quae sint.',5,'2018-05-06 18:05:25','2018-05-06 18:05:25');
/*!40000 ALTER TABLE `reviews` ENABLE KEYS */;
UNLOCK TABLES;

--
-- Table structure for table `users`
--

DROP TABLE IF EXISTS `users`;
/*!40101 SET @saved_cs_client     = @@character_set_client */;
/*!40101 SET character_set_client = utf8 */;
CREATE TABLE `users` (
  `id` int(10) unsigned NOT NULL AUTO_INCREMENT,
  `name` varchar(255) COLLATE utf8mb4_unicode_ci NOT NULL,
  `email` varchar(255) COLLATE utf8mb4_unicode_ci NOT NULL,
  `password` varchar(255) COLLATE utf8mb4_unicode_ci NOT NULL,
  `remember_token` varchar(100) COLLATE utf8mb4_unicode_ci DEFAULT NULL,
  `created_at` timestamp NULL DEFAULT NULL,
  `updated_at` timestamp NULL DEFAULT NULL,
  PRIMARY KEY (`id`),
  UNIQUE KEY `users_email_unique` (`email`)
) ENGINE=InnoDB DEFAULT CHARSET=utf8mb4 COLLATE=utf8mb4_unicode_ci;
/*!40101 SET character_set_client = @saved_cs_client */;

--
-- Dumping data for table `users`
--

LOCK TABLES `users` WRITE;
/*!40000 ALTER TABLE `users` DISABLE KEYS */;
/*!40000 ALTER TABLE `users` ENABLE KEYS */;
UNLOCK TABLES;
/*!40103 SET TIME_ZONE=@OLD_TIME_ZONE */;

/*!40101 SET SQL_MODE=@OLD_SQL_MODE */;
/*!40014 SET FOREIGN_KEY_CHECKS=@OLD_FOREIGN_KEY_CHECKS */;
/*!40014 SET UNIQUE_CHECKS=@OLD_UNIQUE_CHECKS */;
/*!40101 SET CHARACTER_SET_CLIENT=@OLD_CHARACTER_SET_CLIENT */;
/*!40101 SET CHARACTER_SET_RESULTS=@OLD_CHARACTER_SET_RESULTS */;
/*!40101 SET COLLATION_CONNECTION=@OLD_COLLATION_CONNECTION */;
/*!40111 SET SQL_NOTES=@OLD_SQL_NOTES */;

-- Dump completed on 2018-05-07  0:11:39
